timestamp,open,high,low,close,volume
2025-05-19 03:45:00,209.55,219.4,209.55,216.2,48750
2025-05-19 03:46:00,216.2,216.2,207.95,210.0,22050
2025-05-19 03:47:00,209.0,209.3,201.75,203.75,24150
2025-05-19 03:48:00,203.75,204.6,193.9,195.3,22275
2025-05-19 03:49:00,195.3,202.6,195.3,201.55,14025
2025-05-19 03:50:00,201.55,205.5,196.55,205.5,22875
2025-05-19 03:51:00,205.35,208.0,200.0,200.75,13275
2025-05-19 03:52:00,199.8,202.0,195.2,196.05,9675
2025-05-19 03:53:00,196.05,200.7,196.05,196.5,11850
2025-05-19 03:54:00,196.0,196.0,191.7,193.8,5175
2025-05-19 03:55:00,195.0,200.25,193.95,200.0,8700
2025-05-19 03:56:00,199.35,202.45,197.2,202.45,5400
2025-05-19 03:57:00,201.25,202.35,197.6,202.0,21150
2025-05-19 03:58:00,201.7,205.3,200.85,203.2,22350
2025-05-19 03:59:00,202.95,206.0,202.2,203.4,14850
2025-05-19 04:00:00,203.55,203.55,195.15,195.15,28200
2025-05-19 04:01:00,195.2,195.75,186.0,191.35,23475
2025-05-19 04:02:00,191.35,197.0,191.0,196.6,7500
2025-05-19 04:03:00,196.6,197.0,194.0,194.2,5250
2025-05-19 04:04:00,194.7,195.9,191.85,193.25,6075
2025-05-19 04:05:00,194.2,198.0,192.75,198.0,10425
2025-05-19 04:06:00,198.5,203.95,197.7,203.0,9750
2025-05-19 04:07:00,201.85,202.25,197.0,199.7,4725
2025-05-19 04:08:00,199.7,208.0,199.7,206.75,9600
2025-05-19 04:09:00,205.0,211.3,204.05,209.55,12600
2025-05-19 04:10:00,209.4,212.7,207.45,208.25,15150
2025-05-19 04:11:00,207.15,210.55,204.9,205.75,5175
2025-05-19 04:12:00,205.25,206.95,202.7,205.75,6975
2025-05-19 04:13:00,205.35,205.7,196.6,196.75,10575
2025-05-19 04:14:00,196.75,201.75,192.0,199.75,9900
2025-05-19 04:15:00,199.0,206.15,199.0,201.5,5100
2025-05-19 04:16:00,201.5,205.35,201.5,203.75,1800
2025-05-19 04:17:00,203.75,203.75,196.9,200.0,6000
2025-05-19 04:18:00,200.0,203.95,199.05,201.45,4275
2025-05-19 04:19:00,200.05,200.9,197.55,199.85,3000
2025-05-19 04:20:00,199.85,199.85,195.7,196.75,5925
2025-05-19 04:21:00,196.1,199.0,194.0,198.8,9150
2025-05-19 04:22:00,198.8,201.35,197.3,201.35,6225
2025-05-19 04:23:00,202.2,202.2,198.0,198.65,3750
2025-05-19 04:24:00,198.65,198.65,196.95,197.45,1875
2025-05-19 04:25:00,195.35,201.9,195.35,201.9,1200
2025-05-19 04:26:00,201.3,205.0,201.3,203.15,5325
2025-05-19 04:27:00,202.6,203.65,198.65,203.0,4425
2025-05-19 04:28:00,201.95,204.05,201.35,202.55,1200
2025-05-19 04:29:00,202.55,202.55,199.65,199.9,2400
2025-05-19 04:30:00,199.0,205.0,198.15,203.65,2550
2025-05-19 04:31:00,203.65,204.95,199.0,199.0,4275
2025-05-19 04:32:00,198.8,199.2,194.35,195.0,3675
2025-05-19 04:33:00,194.0,194.55,189.5,190.2,11625
2025-05-19 04:34:00,190.9,192.35,190.0,192.0,5175
2025-05-19 04:35:00,192.0,194.25,190.7,190.8,3675
2025-05-19 04:36:00,191.7,192.7,190.1,192.7,2550
2025-05-19 04:37:00,192.7,193.0,192.15,192.5,750
2025-05-19 04:38:00,192.05,192.5,188.45,189.1,8775
2025-05-19 04:39:00,188.45,190.25,186.45,186.9,13500
2025-05-19 04:40:00,186.7,187.25,184.0,186.75,12375
2025-05-19 04:41:00,187.75,189.95,187.75,189.25,5175
2025-05-19 04:42:00,188.45,189.75,187.85,189.65,2550
2025-05-19 04:43:00,189.15,189.15,186.8,188.7,3675
2025-05-19 04:44:00,188.55,189.25,185.75,186.6,4875
2025-05-19 04:45:00,186.0,187.05,185.0,187.0,7200
2025-05-19 04:46:00,185.35,186.55,181.15,181.15,10350
2025-05-19 04:47:00,181.45,182.85,179.55,182.4,19800
2025-05-19 04:48:00,182.4,183.9,180.55,183.9,5625
2025-05-19 04:49:00,183.0,188.25,183.0,186.4,4800
2025-05-19 04:50:00,186.2,188.35,185.9,186.0,5550
2025-05-19 04:51:00,186.0,187.15,184.55,184.55,2550
2025-05-19 04:52:00,185.95,185.95,182.95,184.6,5100
2025-05-19 04:53:00,184.1,184.1,182.65,183.8,4350
2025-05-19 04:54:00,183.0,184.25,180.75,181.0,13650
2025-05-19 04:55:00,180.0,185.25,180.0,185.25,4575
2025-05-19 04:56:00,185.25,188.8,184.0,187.75,5925
2025-05-19 04:57:00,187.75,191.95,187.5,190.0,17925
2025-05-19 04:58:00,189.75,191.4,187.55,188.6,10125
2025-05-19 04:59:00,188.05,188.85,186.0,188.65,2325
2025-05-19 05:00:00,189.35,190.65,187.7,189.75,2250
2025-05-19 05:01:00,189.75,189.75,185.1,185.1,2775
2025-05-19 05:02:00,186.0,188.55,185.7,185.9,3900
2025-05-19 05:03:00,185.85,185.85,182.2,184.45,8475
2025-05-19 05:04:00,184.45,187.4,183.7,187.05,3450
2025-05-19 05:05:00,188.0,190.0,187.65,188.5,7950
2025-05-19 05:06:00,188.5,188.7,186.5,186.5,1875
2025-05-19 05:07:00,186.5,189.55,186.25,188.85,5850
2025-05-19 05:08:00,188.85,190.05,188.0,190.0,2025
2025-05-19 05:09:00,189.6,193.85,189.6,192.7,7800
2025-05-19 05:10:00,192.95,193.6,189.15,189.15,1725
2025-05-19 05:11:00,189.15,191.65,189.15,190.6,2175
2025-05-19 05:12:00,190.25,193.0,190.25,192.8,3375
2025-05-19 05:13:00,193.0,195.15,193.0,193.85,4425
2025-05-19 05:14:00,194.85,195.6,193.0,194.7,2700
2025-05-19 05:15:00,195.5,196.55,193.85,194.9,5475
2025-05-19 05:16:00,194.9,195.2,191.55,191.6,4875
2025-05-19 05:17:00,191.75,195.0,191.75,193.65,3525
2025-05-19 05:18:00,193.1,193.45,192.8,193.2,6450
2025-05-19 05:19:00,193.2,193.55,190.2,190.6,3525
2025-05-19 05:20:00,190.6,191.0,189.0,189.0,1950
2025-05-19 05:21:00,190.25,192.3,187.0,188.15,1875
2025-05-19 05:22:00,188.15,191.3,188.0,191.3,1275
2025-05-19 05:23:00,191.3,191.3,188.15,188.15,900
2025-05-19 05:24:00,188.25,188.25,185.7,188.1,6450
2025-05-19 05:25:00,187.35,187.7,186.45,186.45,1650
2025-05-19 05:26:00,186.1,188.4,186.05,188.4,3525
2025-05-19 05:27:00,188.25,188.25,186.0,187.05,5400
2025-05-19 05:28:00,186.0,187.75,185.1,187.75,1950
2025-05-19 05:29:00,187.75,187.75,185.3,186.45,2100
2025-05-19 05:30:00,187.5,190.45,186.05,190.45,1050
2025-05-19 05:31:00,190.0,191.35,190.0,191.25,1575
2025-05-19 05:32:00,190.65,190.8,186.75,186.75,5325
2025-05-19 05:33:00,186.75,189.15,186.75,189.15,825
2025-05-19 05:34:00,189.15,190.3,187.65,187.65,825
2025-05-19 05:35:00,187.65,188.7,186.55,188.6,3675
2025-05-19 05:36:00,187.65,189.7,187.65,188.75,1875
2025-05-19 05:37:00,188.75,189.15,187.25,189.15,5100
2025-05-19 05:38:00,189.4,191.7,189.4,190.05,7875
2025-05-19 05:39:00,190.05,191.25,188.2,189.2,7200
2025-05-19 05:40:00,189.85,190.0,189.0,189.65,7725
2025-05-19 05:41:00,189.65,191.3,189.6,190.05,10800
2025-05-19 05:42:00,190.05,191.5,189.8,191.5,1875
2025-05-19 05:43:00,191.5,191.5,189.7,190.95,6150
2025-05-19 05:44:00,190.95,191.9,190.5,190.8,1125
2025-05-19 05:45:00,190.8,192.65,190.15,192.3,2700
2025-05-19 05:46:00,192.3,192.3,187.05,187.8,1800
2025-05-19 05:47:00,187.35,188.2,185.95,188.2,4575
2025-05-19 05:48:00,188.2,188.2,187.05,188.0,1425
2025-05-19 05:49:00,187.65,188.5,187.25,187.9,4200
2025-05-19 05:50:00,187.9,190.7,187.85,190.7,675
2025-05-19 05:51:00,190.7,192.85,190.7,191.85,3075
2025-05-19 05:52:00,192.2,193.0,191.2,191.2,2475
2025-05-19 05:53:00,191.2,191.85,191.0,191.85,675
2025-05-19 05:54:00,191.15,193.1,191.15,193.1,1800
2025-05-19 05:55:00,193.1,193.1,191.6,191.6,1350
2025-05-19 05:56:00,192.15,193.15,191.6,193.15,1050
2025-05-19 05:57:00,193.75,193.75,192.4,193.2,1425
2025-05-19 05:58:00,193.45,194.2,192.45,193.2,4275
2025-05-19 05:59:00,193.2,193.9,192.95,192.95,1050
2025-05-19 06:00:00,191.7,191.7,189.85,191.3,1125
2025-05-19 06:01:00,192.0,195.0,191.7,194.75,1350
2025-05-19 06:02:00,194.75,194.95,192.8,194.9,1575
2025-05-19 06:03:00,195.5,195.5,193.55,193.55,9675
2025-05-19 06:04:00,193.55,196.55,193.55,196.15,2175
2025-05-19 06:05:00,196.35,197.1,195.0,195.45,3750
2025-05-19 06:06:00,194.6,195.45,193.95,194.35,1650
2025-05-19 06:07:00,194.0,194.0,191.05,191.9,4050
2025-05-19 06:08:00,191.9,192.25,191.55,191.8,1125
2025-05-19 06:09:00,191.8,195.0,191.8,195.0,5175
2025-05-19 06:10:00,194.45,195.75,193.85,195.55,21675
2025-05-19 06:11:00,195.55,196.65,194.55,196.0,4500
2025-05-19 06:12:00,195.75,195.75,193.7,193.75,2025
2025-05-19 06:13:00,193.75,196.5,192.95,196.5,4500
2025-05-19 06:14:00,197.0,198.9,197.0,197.8,9675
2025-05-19 06:15:00,197.8,199.0,197.4,198.4,6825
2025-05-19 06:16:00,198.05,199.75,198.05,198.6,3525
2025-05-19 06:17:00,198.6,198.6,196.15,196.55,1050
2025-05-19 06:18:00,196.2,197.6,196.1,196.1,1800
2025-05-19 06:19:00,196.1,201.05,196.1,201.05,4500
2025-05-19 06:20:00,200.7,201.2,193.7,194.75,10050
2025-05-19 06:21:00,194.75,194.75,192.65,194.05,3450
2025-05-19 06:22:00,194.05,194.55,192.75,192.9,1725
2025-05-19 06:23:00,192.75,195.0,192.75,194.2,1950
2025-05-19 06:24:00,194.2,194.9,193.2,193.2,900
2025-05-19 06:25:00,193.2,194.3,193.2,193.3,525
2025-05-19 06:26:00,193.3,196.0,193.3,194.5,10650
2025-05-19 06:27:00,194.55,195.95,194.2,195.9,3225
2025-05-19 06:28:00,195.9,198.0,193.7,197.4,7425
2025-05-19 06:29:00,197.45,199.6,197.05,199.6,1350
2025-05-19 06:30:00,198.4,202.5,198.4,202.35,12150
2025-05-19 06:31:00,202.4,205.0,201.4,204.35,8100
2025-05-19 06:32:00,204.4,210.5,204.4,207.6,22725
2025-05-19 06:33:00,207.6,211.45,207.3,209.05,10275
2025-05-19 06:34:00,210.0,210.0,207.5,208.45,9975
2025-05-19 06:35:00,208.95,208.95,202.7,202.7,12975
2025-05-19 06:36:00,202.7,204.25,201.0,204.15,7425
2025-05-19 06:37:00,204.05,205.75,202.8,204.65,5025
2025-05-19 06:38:00,204.0,205.25,203.0,203.0,2175
2025-05-19 06:39:00,202.7,204.5,202.7,204.5,2250
2025-05-19 06:40:00,205.0,205.6,204.0,204.0,2475
2025-05-19 06:41:00,204.0,208.6,204.0,207.45,5475
2025-05-19 06:42:00,207.75,208.75,205.15,205.45,3750
2025-05-19 06:43:00,205.9,207.8,205.15,205.75,1875
2025-05-19 06:44:00,206.85,207.75,206.5,207.0,3450
2025-05-19 06:45:00,207.0,215.0,207.0,211.7,15225
2025-05-19 06:46:00,211.7,213.45,210.45,213.45,7800
2025-05-19 06:47:00,213.45,214.65,212.8,214.05,3375
2025-05-19 06:48:00,214.95,214.95,207.9,209.8,5700
2025-05-19 06:49:00,209.7,210.95,203.0,203.8,12150
2025-05-19 06:50:00,204.2,204.2,198.95,201.0,8100
2025-05-19 06:51:00,201.0,202.65,200.65,200.85,3450
2025-05-19 06:52:00,201.85,202.45,200.95,201.6,1275
2025-05-19 06:53:00,202.15,202.85,199.7,199.8,1350
2025-05-19 06:54:00,199.0,199.65,198.75,199.6,1875
2025-05-19 06:55:00,199.45,199.45,196.35,196.35,4125
2025-05-19 06:56:00,196.45,198.15,196.4,197.0,2100
2025-05-19 06:57:00,197.0,198.45,197.0,197.6,1350
2025-05-19 06:58:00,198.3,201.4,198.3,201.4,2475
2025-05-19 06:59:00,201.4,201.4,198.4,199.4,2175
2025-05-19 07:00:00,199.4,200.55,198.0,199.55,2100
2025-05-19 07:01:00,200.25,200.4,196.85,196.85,5400
2025-05-19 07:02:00,196.85,199.9,196.85,199.6,1050
2025-05-19 07:03:00,198.75,200.0,197.9,198.15,1200
2025-05-19 07:04:00,198.15,199.2,197.35,197.7,3450
2025-05-19 07:05:00,198.3,200.5,198.3,199.85,3900
2025-05-19 07:06:00,201.25,201.25,197.45,199.75,4425
2025-05-19 07:07:00,200.2,201.15,199.2,200.4,3675
2025-05-19 07:08:00,200.4,203.6,199.4,203.0,8925
2025-05-19 07:09:00,202.75,203.4,201.0,202.45,5100
2025-05-19 07:10:00,202.75,202.75,200.75,200.75,900
2025-05-19 07:11:00,201.25,201.25,200.7,200.7,300
2025-05-19 07:12:00,200.7,202.15,200.5,202.05,825
2025-05-19 07:13:00,202.05,202.05,200.0,200.0,1050
2025-05-19 07:14:00,200.0,200.0,198.55,199.8,8550
2025-05-19 07:15:00,199.8,200.55,198.65,198.65,1275
2025-05-19 07:16:00,198.75,199.0,198.5,198.8,1350
2025-05-19 07:17:00,199.8,202.0,199.8,200.15,7500
2025-05-19 07:18:00,200.0,200.0,194.75,195.5,12900
2025-05-19 07:19:00,195.55,199.7,195.55,199.05,3900
2025-05-19 07:20:00,200.0,200.0,198.0,198.0,1725
2025-05-19 07:21:00,198.0,198.0,192.2,193.75,6525
2025-05-19 07:22:00,194.1,194.85,193.0,194.2,1575
2025-05-19 07:23:00,194.35,194.85,193.05,193.25,2400
2025-05-19 07:24:00,194.0,194.0,193.0,194.0,825
2025-05-19 07:25:00,194.0,194.0,192.1,193.4,1200
2025-05-19 07:26:00,192.95,193.25,191.0,191.0,1725
2025-05-19 07:27:00,191.9,192.75,191.5,191.8,1500
2025-05-19 07:28:00,191.8,192.85,191.55,192.25,1125
2025-05-19 07:29:00,192.7,193.85,192.05,192.2,1275
2025-05-19 07:30:00,193.05,193.05,190.25,190.25,1500
2025-05-19 07:31:00,190.25,191.35,190.0,191.35,2775
2025-05-19 07:32:00,191.35,194.25,191.35,194.25,1050
2025-05-19 07:33:00,194.55,199.6,194.55,197.65,8550
2025-05-19 07:34:00,198.8,198.8,195.5,196.85,7575
2025-05-19 07:35:00,196.85,197.6,196.0,196.5,7950
2025-05-19 07:36:00,196.4,200.2,196.4,200.2,3900
2025-05-19 07:37:00,200.2,202.15,200.05,201.95,4575
2025-05-19 07:38:00,201.85,202.4,200.9,201.95,3600
2025-05-19 07:39:00,201.95,204.8,201.15,203.4,3675
2025-05-19 07:40:00,203.55,203.9,202.15,203.85,4050
2025-05-19 07:41:00,203.6,206.2,203.2,205.0,6750
2025-05-19 07:42:00,204.9,206.25,203.1,203.35,6075
2025-05-19 07:43:00,204.2,204.3,202.5,202.8,3525
2025-05-19 07:44:00,202.8,204.25,202.3,202.4,1125
2025-05-19 07:45:00,202.4,205.8,202.4,205.65,1500
2025-05-19 07:46:00,206.25,206.25,204.25,204.45,1650
2025-05-19 07:47:00,204.45,206.25,204.4,204.4,2175
2025-05-19 07:48:00,204.0,204.0,198.55,199.0,5700
2025-05-19 07:49:00,199.0,202.0,199.0,202.0,1950
2025-05-19 07:50:00,202.0,202.0,200.0,200.0,1125
2025-05-19 07:51:00,198.5,198.5,196.0,197.95,3075
2025-05-19 07:52:00,197.95,197.95,194.7,195.3,4500
2025-05-19 07:53:00,195.3,197.65,195.3,197.65,2625
2025-05-19 07:54:00,198.0,198.35,196.85,196.95,2325
2025-05-19 07:55:00,197.8,199.0,197.0,199.0,1650
2025-05-19 07:56:00,198.95,199.1,198.0,199.1,750
2025-05-19 07:57:00,199.1,200.6,199.1,199.4,1275
2025-05-19 07:58:00,199.4,200.25,199.4,200.15,975
2025-05-19 07:59:00,199.0,199.55,198.85,199.2,4200
2025-05-19 08:00:00,199.65,199.65,197.5,197.5,1200
2025-05-19 08:01:00,197.5,197.65,197.0,197.0,1125
2025-05-19 08:02:00,197.0,202.1,197.0,200.75,3225
2025-05-19 08:03:00,200.1,203.4,200.1,203.4,2250
2025-05-19 08:04:00,203.4,205.15,202.65,202.65,5175
2025-05-19 08:05:00,202.65,203.7,201.95,203.0,2100
2025-05-19 08:06:00,203.0,204.2,202.95,204.2,750
2025-05-19 08:07:00,204.2,204.7,203.55,204.55,900
2025-05-19 08:08:00,206.0,206.0,203.5,203.9,2625
2025-05-19 08:09:00,203.4,204.65,203.0,203.0,1275
2025-05-19 08:10:00,203.0,203.4,202.2,202.85,3300
2025-05-19 08:11:00,203.2,206.9,203.1,205.8,4425
2025-05-19 08:12:00,205.8,205.8,204.9,205.7,2625
2025-05-19 08:13:00,205.7,205.8,204.25,205.0,1500
2025-05-19 08:14:00,205.65,208.65,205.1,205.55,5775
2025-05-19 08:15:00,205.65,206.85,204.7,206.15,3225
2025-05-19 08:16:00,206.15,210.5,206.15,208.0,10950
2025-05-19 08:17:00,208.0,209.0,207.45,209.0,4350
2025-05-19 08:18:00,208.55,211.6,208.05,209.65,6450
2025-05-19 08:19:00,209.5,210.85,208.0,208.6,6975
2025-05-19 08:20:00,208.7,212.55,207.5,210.15,5775
2025-05-19 08:21:00,210.15,211.5,208.5,208.5,6075
2025-05-19 08:22:00,209.25,209.4,205.75,205.75,3750
2025-05-19 08:23:00,206.0,207.2,205.05,205.05,11025
2025-05-19 08:24:00,205.6,206.7,205.0,205.05,2025
2025-05-19 08:25:00,205.05,208.0,205.05,207.15,4950
2025-05-19 08:26:00,208.0,210.55,208.0,209.85,4800
2025-05-19 08:27:00,209.85,211.0,208.5,209.85,4050
2025-05-19 08:28:00,210.9,211.75,209.0,211.05,2325
2025-05-19 08:29:00,210.65,211.55,210.05,211.25,2625
2025-05-19 08:30:00,211.95,223.0,211.1,221.4,25125
2025-05-19 08:31:00,221.4,222.45,217.8,220.0,15525
2025-05-19 08:32:00,220.0,221.9,217.8,221.8,4050
2025-05-19 08:33:00,222.0,223.4,221.0,221.0,12225
2025-05-19 08:34:00,221.0,229.2,220.6,223.7,32775
2025-05-19 08:35:00,223.7,233.6,223.7,233.6,20325
2025-05-19 08:36:00,231.8,233.6,228.0,230.95,44925
2025-05-19 08:37:00,231.2,232.4,226.8,228.05,18375
2025-05-19 08:38:00,228.05,231.1,225.75,228.4,16800
2025-05-19 08:39:00,228.45,230.35,227.0,228.95,12225
2025-05-19 08:40:00,228.95,232.45,228.95,232.45,15750
2025-05-19 08:41:00,232.55,232.55,227.15,228.65,7725
2025-05-19 08:42:00,230.0,242.6,230.0,241.25,30900
2025-05-19 08:43:00,241.25,243.0,238.25,241.25,26475
2025-05-19 08:44:00,241.25,241.4,231.55,231.55,18450
2025-05-19 08:45:00,231.4,235.75,229.6,232.15,19875
2025-05-19 08:46:00,231.1,233.0,225.85,226.45,31200
2025-05-19 08:47:00,226.45,226.6,220.65,224.9,12300
2025-05-19 08:48:00,224.35,227.05,224.35,225.45,9075
2025-05-19 08:49:00,224.7,225.75,223.0,223.25,6750
2025-05-19 08:50:00,223.25,225.4,222.2,223.25,17625
2025-05-19 08:51:00,224.2,227.6,223.55,224.8,12675
2025-05-19 08:52:00,224.8,228.7,223.05,227.0,9825
2025-05-19 08:53:00,227.2,227.95,224.9,227.95,10350
2025-05-19 08:54:00,228.1,230.15,226.95,227.7,7050
2025-05-19 08:55:00,227.7,231.0,227.7,229.7,9375
2025-05-19 08:56:00,229.7,229.7,224.55,226.9,9000
2025-05-19 08:57:00,226.8,231.45,226.8,231.25,3750
2025-05-19 08:58:00,230.8,234.5,230.8,233.75,8175
2025-05-19 08:59:00,234.05,234.55,228.75,228.75,8025
2025-05-19 09:00:00,228.75,232.45,227.9,228.55,14550
2025-05-19 09:01:00,229.25,233.0,228.7,232.75,4500
2025-05-19 09:02:00,232.7,235.0,231.5,231.55,19125
2025-05-19 09:03:00,232.05,232.05,228.55,229.75,4200
2025-05-19 09:04:00,229.75,229.75,224.15,225.7,6525
2025-05-19 09:05:00,226.25,227.8,225.7,226.25,4650
2025-05-19 09:06:00,226.25,228.0,224.65,226.85,3825
2025-05-19 09:07:00,226.85,228.2,226.5,227.25,3075
2025-05-19 09:08:00,228.45,229.6,227.25,227.5,4800
2025-05-19 09:09:00,228.0,231.55,227.6,230.45,12750
2025-05-19 09:10:00,229.9,229.9,222.75,222.75,13425
2025-05-19 09:11:00,223.6,224.8,221.1,221.75,7800
2025-05-19 09:12:00,221.8,225.5,221.45,224.9,4800
2025-05-19 09:13:00,224.9,226.25,224.0,224.85,1800
2025-05-19 09:14:00,225.7,225.7,222.65,223.4,6600
2025-05-19 09:15:00,223.3,228.5,223.3,228.5,5700
2025-05-19 09:16:00,229.0,229.25,225.8,228.8,4875
2025-05-19 09:17:00,228.8,236.1,228.35,235.6,14775
2025-05-19 09:18:00,234.5,237.75,233.5,233.7,16800
2025-05-19 09:19:00,233.7,233.7,228.85,230.2,19800
2025-05-19 09:20:00,230.2,231.0,225.95,227.4,12675
2025-05-19 09:21:00,227.9,230.9,227.9,229.6,6150
2025-05-19 09:22:00,230.0,233.0,230.0,232.55,5775
2025-05-19 09:23:00,231.95,234.3,231.2,232.9,7200
2025-05-19 09:24:00,234.3,235.0,232.5,233.65,8550
2025-05-19 09:25:00,233.85,233.85,228.0,229.7,24825
2025-05-19 09:26:00,229.7,232.2,228.5,231.85,21225
2025-05-19 09:27:00,231.85,232.2,230.0,232.2,39150
2025-05-19 09:28:00,232.6,234.0,231.15,233.15,12000
2025-05-19 09:29:00,233.1,233.1,229.65,229.65,8100
2025-05-19 09:30:00,229.7,229.7,225.25,227.8,30750
2025-05-19 09:31:00,228.25,228.5,214.8,218.7,35550
2025-05-19 09:32:00,218.7,222.65,218.25,222.45,10650
2025-05-19 09:33:00,223.2,224.95,220.9,222.7,13050
2025-05-19 09:34:00,222.55,225.25,221.5,223.25,14175
2025-05-19 09:35:00,223.25,224.2,221.05,222.75,16950
2025-05-19 09:36:00,222.75,224.3,221.2,224.15,10350
2025-05-19 09:37:00,224.15,224.15,222.7,224.0,6225
2025-05-19 09:38:00,225.0,232.0,224.9,232.0,20625
2025-05-19 09:39:00,232.3,232.3,229.2,229.2,12825
2025-05-19 09:40:00,229.6,231.85,229.6,231.85,11175
2025-05-19 09:41:00,231.85,233.6,231.75,232.2,13575
2025-05-19 09:42:00,231.9,232.0,229.85,230.0,6975
2025-05-19 09:43:00,229.65,230.9,227.5,229.2,7875
2025-05-19 09:44:00,229.95,231.1,229.55,231.05,10950
2025-05-19 09:45:00,231.1,232.7,230.45,231.8,8400
2025-05-19 09:46:00,231.8,233.0,230.9,231.35,6225
2025-05-19 09:47:00,231.0,232.0,230.0,231.0,6150
2025-05-19 09:48:00,231.05,232.0,230.25,230.55,5025
2025-05-19 09:49:00,230.0,230.15,228.35,229.55,5250
2025-05-19 09:50:00,230.0,232.0,230.0,231.3,16425
2025-05-19 09:51:00,231.95,232.1,229.85,232.1,14700
2025-05-19 09:52:00,232.1,232.5,231.0,231.0,27300
2025-05-19 09:53:00,231.95,232.0,229.0,229.25,5325
2025-05-19 09:54:00,229.25,230.7,228.05,230.05,5625
2025-05-19 09:55:00,230.55,231.0,227.35,227.55,15225
2025-05-19 09:56:00,227.55,229.85,227.0,229.4,10125
2025-05-19 09:57:00,229.6,229.8,227.6,227.7,16875
2025-05-19 09:58:00,227.65,228.4,226.4,227.85,19875
2025-05-19 09:59:00,227.85,229.75,227.35,229.0,17925
2025-05-20 03:45:00,196.0,198.95,180.05,192.9,73950
2025-05-20 03:46:00,191.85,197.0,189.05,193.2,31800
2025-05-20 03:47:00,193.2,197.25,190.9,196.55,22575
2025-05-20 03:48:00,195.7,198.0,193.0,193.95,15750
2025-05-20 03:49:00,194.35,195.3,192.65,193.4,14025
2025-05-20 03:50:00,193.1,205.2,193.1,203.25,47625
2025-05-20 03:51:00,202.55,209.15,202.5,207.85,29400
2025-05-20 03:52:00,206.5,210.4,199.3,199.85,31575
2025-05-20 03:53:00,199.95,200.8,195.0,197.95,17850
2025-05-20 03:54:00,196.0,205.0,194.0,203.15,21450
2025-05-20 03:55:00,202.2,208.8,199.2,206.1,40125
2025-05-20 03:56:00,205.65,209.1,201.25,201.25,25425
2025-05-20 03:57:00,201.3,208.0,199.0,205.8,29250
2025-05-20 03:58:00,206.35,208.85,203.25,206.65,16275
2025-05-20 03:59:00,206.0,211.75,205.5,210.35,33900
2025-05-20 04:00:00,210.5,217.0,208.5,215.0,55875
2025-05-20 04:01:00,215.0,219.7,209.5,209.95,38475
2025-05-20 04:02:00,209.3,210.7,205.0,205.95,24225
2025-05-20 04:03:00,205.95,212.0,205.0,212.0,30825
2025-05-20 04:04:00,211.45,214.8,210.7,211.9,29475
2025-05-20 04:05:00,211.15,212.4,208.2,210.05,43500
2025-05-20 04:06:00,209.9,211.5,202.5,203.0,25125
2025-05-20 04:07:00,202.6,204.25,200.0,201.95,22125
2025-05-20 04:08:00,202.05,206.15,200.35,206.15,24525
2025-05-20 04:09:00,206.15,206.15,199.0,199.4,23475
2025-05-20 04:10:00,199.45,206.35,199.45,205.35,12825
2025-05-20 04:11:00,206.1,211.35,205.65,209.1,22650
2025-05-20 04:12:00,209.85,215.7,208.65,210.9,40125
2025-05-20 04:13:00,211.95,217.0,208.0,216.9,26775
2025-05-20 04:14:00,214.25,217.0,212.1,215.95,26100
2025-05-20 04:15:00,215.5,225.45,215.5,224.65,94575
2025-05-20 04:16:00,224.85,228.95,218.9,218.95,59100
2025-05-20 04:17:00,219.65,225.0,218.25,224.8,21000
2025-05-20 04:18:00,224.7,227.35,222.65,223.4,25350
2025-05-20 04:19:00,224.6,228.55,222.75,223.45,35100
2025-05-20 04:20:00,223.6,230.65,223.4,224.75,60225
2025-05-20 04:21:00,224.45,226.55,221.5,225.7,23625
2025-05-20 04:22:00,225.85,234.55,224.0,234.05,43500
2025-05-20 04:23:00,233.85,242.4,232.95,242.25,70800
2025-05-20 04:24:00,242.05,245.9,236.15,238.45,54225
2025-05-20 04:25:00,238.45,242.55,236.15,236.15,43050
2025-05-20 04:26:00,236.0,236.65,227.7,228.8,32925
2025-05-20 04:27:00,229.55,229.75,223.7,226.55,33450
2025-05-20 04:28:00,228.0,230.95,224.7,230.95,20400
2025-05-20 04:29:00,230.95,235.0,226.15,227.85,43050
2025-05-20 04:30:00,227.85,232.2,227.85,228.95,23700
2025-05-20 04:31:00,228.2,234.2,228.2,232.5,15750
2025-05-20 04:32:00,234.15,236.2,231.0,231.6,21975
2025-05-20 04:33:00,231.2,233.0,226.85,227.3,51975
2025-05-20 04:34:00,228.0,232.2,226.0,228.7,10275
2025-05-20 04:35:00,228.7,230.0,225.7,227.85,17325
2025-05-20 04:36:00,227.1,227.1,220.0,220.0,25725
2025-05-20 04:37:00,220.65,224.6,219.35,223.15,23100
2025-05-20 04:38:00,222.85,229.0,222.85,229.0,9750
2025-05-20 04:39:00,229.05,231.9,222.7,224.55,29250
2025-05-20 04:40:00,223.15,225.7,221.9,223.55,7275
2025-05-20 04:41:00,224.1,226.0,219.0,225.05,12900
2025-05-20 04:42:00,225.7,227.0,221.15,226.25,15225
2025-05-20 04:43:00,226.2,229.5,224.2,227.8,20775
2025-05-20 04:44:00,226.5,226.75,218.8,218.8,12900
2025-05-20 04:45:00,218.7,225.0,217.1,223.95,18225
2025-05-20 04:46:00,222.7,227.0,220.9,227.0,13500
2025-05-20 04:47:00,227.0,230.9,225.7,228.6,29775
2025-05-20 04:48:00,228.6,231.9,226.3,227.1,13875
2025-05-20 04:49:00,227.7,228.65,223.25,223.5,15150
2025-05-20 04:50:00,223.5,225.75,222.85,225.0,10650
2025-05-20 04:51:00,224.0,226.5,222.95,224.0,9675
2025-05-20 04:52:00,224.6,226.75,222.5,223.7,4800
2025-05-20 04:53:00,224.25,226.5,223.65,224.9,12825
2025-05-20 04:54:00,224.9,226.0,223.2,225.75,2550
2025-05-20 04:55:00,225.5,225.85,221.3,221.3,20175
2025-05-20 04:56:00,220.85,225.45,219.0,223.0,12300
2025-05-20 04:57:00,223.2,228.35,223.2,227.65,6525
2025-05-20 04:58:00,227.4,228.75,225.35,226.5,9825
2025-05-20 04:59:00,226.95,230.9,226.2,228.35,14550
2025-05-20 05:00:00,228.75,230.35,224.7,225.2,10725
2025-05-20 05:01:00,224.85,225.75,222.3,223.35,10200
2025-05-20 05:02:00,223.4,224.25,221.55,222.1,16350
2025-05-20 05:03:00,222.15,223.5,221.7,223.0,3225
2025-05-20 05:04:00,223.55,225.0,221.15,222.3,4800
2025-05-20 05:05:00,222.5,222.5,216.55,218.5,16575
2025-05-20 05:06:00,218.1,218.1,203.5,204.55,72075
2025-05-20 05:07:00,204.0,209.5,201.65,209.5,42300
2025-05-20 05:08:00,209.5,209.6,205.75,206.0,14775
2025-05-20 05:09:00,206.0,206.7,203.0,203.45,25200
2025-05-20 05:10:00,203.45,204.4,201.6,202.5,23175
2025-05-20 05:11:00,203.05,206.2,201.65,206.2,14025
2025-05-20 05:12:00,206.2,207.45,202.0,202.0,19125
2025-05-20 05:13:00,202.5,204.1,202.5,202.95,4200
2025-05-20 05:14:00,202.95,205.05,202.95,204.5,10050
2025-05-20 05:15:00,204.6,204.8,188.8,190.0,66000
2025-05-20 05:16:00,190.15,190.15,186.3,188.25,42525
2025-05-20 05:17:00,189.05,195.15,189.05,194.75,24300
2025-05-20 05:18:00,194.65,194.95,192.6,194.5,22125
2025-05-20 05:19:00,194.0,196.5,192.9,196.1,13125
2025-05-20 05:20:00,195.95,196.0,193.65,194.0,11325
2025-05-20 05:21:00,193.75,195.45,193.7,193.7,4125
2025-05-20 05:22:00,194.0,199.4,193.85,199.4,11100
2025-05-20 05:23:00,199.65,204.0,198.5,198.6,48225
2025-05-20 05:24:00,199.0,203.25,199.0,202.95,12600
2025-05-20 05:25:00,202.95,208.35,202.1,208.3,28200
2025-05-20 05:26:00,208.0,210.3,205.2,206.6,25800
2025-05-20 05:27:00,207.0,207.75,204.9,206.55,13875
2025-05-20 05:28:00,207.2,207.25,204.0,204.75,9600
2025-05-20 05:29:00,205.85,207.65,201.45,202.45,8250
2025-05-20 05:30:00,201.55,201.75,197.15,198.35,15075
2025-05-20 05:31:00,197.65,204.65,197.65,204.4,11550
2025-05-20 05:32:00,204.4,205.55,202.35,205.15,8775
2025-05-20 05:33:00,205.15,207.9,204.4,207.55,5700
2025-05-20 05:34:00,208.6,209.0,204.75,204.95,16125
2025-05-20 05:35:00,206.0,206.75,203.0,205.9,8325
2025-05-20 05:36:00,206.65,207.6,203.1,203.1,8025
2025-05-20 05:37:00,203.65,207.25,203.65,207.0,10050
2025-05-20 05:38:00,207.1,208.2,205.5,208.2,9975
2025-05-20 05:39:00,207.15,209.95,205.0,208.8,18450
2025-05-20 05:40:00,208.8,219.45,208.8,217.2,62625
2025-05-20 05:41:00,218.05,224.6,217.35,220.7,33750
2025-05-20 05:42:00,221.5,225.0,219.6,224.15,28950
2025-05-20 05:43:00,224.0,224.0,216.55,218.15,16950
2025-05-20 05:44:00,218.7,218.85,212.15,215.05,15225
2025-05-20 05:45:00,215.05,219.75,215.05,217.55,35475
2025-05-20 05:46:00,218.15,222.5,215.0,221.15,20925
2025-05-20 05:47:00,220.45,223.35,220.0,223.35,17700
2025-05-20 05:48:00,222.8,227.15,222.0,222.0,23475
2025-05-20 05:49:00,221.55,223.0,219.05,221.95,15750
2025-05-20 05:50:00,221.15,224.2,220.0,224.2,8100
2025-05-20 05:51:00,224.55,229.5,221.95,229.5,27600
2025-05-20 05:52:00,228.3,230.4,223.65,229.5,23550
2025-05-20 05:53:00,229.2,229.25,224.5,224.6,14550
2025-05-20 05:54:00,224.6,226.3,223.9,226.3,10050
2025-05-20 05:55:00,226.6,226.6,220.25,221.4,18450
2025-05-20 05:56:00,220.65,221.6,218.0,220.25,16425
2025-05-20 05:57:00,218.65,222.35,216.75,222.15,8100
2025-05-20 05:58:00,221.35,227.1,221.35,226.4,11475
2025-05-20 05:59:00,225.5,228.3,224.65,226.7,18450
2025-05-20 06:00:00,226.5,234.35,226.2,233.5,43650
2025-05-20 06:01:00,233.6,234.0,229.0,232.0,17925
2025-05-20 06:02:00,232.0,232.05,229.75,231.3,6300
2025-05-20 06:03:00,230.55,232.0,222.6,222.6,21150
2025-05-20 06:04:00,222.65,224.55,221.5,222.45,22275
2025-05-20 06:05:00,222.55,224.85,220.5,220.85,10350
2025-05-20 06:06:00,220.0,226.95,218.75,226.7,24150
2025-05-20 06:07:00,225.6,228.55,224.55,226.55,9825
2025-05-20 06:08:00,227.5,227.7,223.2,224.95,7800
2025-05-20 06:09:00,225.2,230.65,224.0,230.0,23775
2025-05-20 06:10:00,230.0,232.4,228.6,232.05,23850
2025-05-20 06:11:00,232.0,233.0,228.85,232.0,21225
2025-05-20 06:12:00,236.5,238.55,229.75,231.5,53775
2025-05-20 06:13:00,232.25,232.6,230.55,230.8,12150
2025-05-20 06:14:00,230.8,234.5,230.8,233.0,10050
2025-05-20 06:15:00,233.25,236.7,232.1,234.0,16650
2025-05-20 06:16:00,234.0,234.65,227.1,227.6,16425
2025-05-20 06:17:00,226.4,229.3,226.25,229.3,8775
2025-05-20 06:18:00,229.3,232.7,228.6,232.7,7800
2025-05-20 06:19:00,232.0,233.15,230.85,230.85,8625
2025-05-20 06:20:00,230.85,232.05,228.05,228.9,12150
2025-05-20 06:21:00,229.35,229.35,226.5,226.8,5775
2025-05-20 06:22:00,226.8,237.0,225.75,236.4,20475
2025-05-20 06:23:00,236.0,243.25,235.5,240.4,66450
2025-05-20 06:24:00,241.35,242.05,233.7,234.65,66225
2025-05-20 06:25:00,234.65,236.55,233.2,235.65,9750
2025-05-20 06:26:00,235.65,241.95,234.7,240.25,21450
2025-05-20 06:27:00,239.7,242.65,238.65,240.5,33675
2025-05-20 06:28:00,240.5,242.5,235.6,237.75,22800
2025-05-20 06:29:00,237.9,238.25,231.9,231.9,19950
2025-05-20 06:30:00,232.25,234.25,228.1,229.05,45525
2025-05-20 06:31:00,229.05,232.2,225.45,231.4,26625
2025-05-20 06:32:00,231.4,232.6,228.0,228.0,9375
2025-05-20 06:33:00,227.2,227.75,222.0,224.3,36600
2025-05-20 06:34:00,224.75,228.75,224.6,227.1,39375
2025-05-20 06:35:00,227.1,228.65,221.9,221.9,15075
2025-05-20 06:36:00,222.15,223.1,219.0,219.4,16425
2025-05-20 06:37:00,218.25,219.0,215.0,217.5,28725
2025-05-20 06:38:00,217.0,220.55,215.45,217.65,17325
2025-05-20 06:39:00,217.65,219.4,216.8,218.2,8550
2025-05-20 06:40:00,216.9,224.75,216.9,224.15,7950
2025-05-20 06:41:00,224.5,227.55,222.6,223.6,22050
2025-05-20 06:42:00,223.75,229.5,221.55,229.45,19125
2025-05-20 06:43:00,228.75,229.55,226.0,226.25,20175
2025-05-20 06:44:00,225.7,228.35,225.15,227.9,14100
2025-05-20 06:45:00,227.9,228.7,224.6,225.7,11850
2025-05-20 06:46:00,226.65,229.6,225.05,226.65,21450
2025-05-20 06:47:00,227.1,227.1,222.4,222.5,11925
2025-05-20 06:48:00,222.15,223.55,221.4,222.1,10950
2025-05-20 06:49:00,222.6,227.45,222.6,227.05,14550
2025-05-20 06:50:00,225.8,230.5,224.45,225.95,23475
2025-05-20 06:51:00,225.95,225.95,224.5,225.4,1350
2025-05-20 06:52:00,226.0,231.9,225.15,229.65,22125
2025-05-20 06:53:00,229.0,229.0,225.55,226.6,4125
2025-05-20 06:54:00,226.2,228.9,226.0,226.4,6300
2025-05-20 06:55:00,226.4,230.8,224.25,230.8,11700
2025-05-20 06:56:00,231.0,231.0,224.65,225.0,10875
2025-05-20 06:57:00,226.05,226.15,224.0,225.05,6300
2025-05-20 06:58:00,225.5,226.05,223.2,225.75,9600
2025-05-20 06:59:00,227.2,228.7,225.9,227.25,7200
2025-05-20 07:00:00,226.0,226.05,220.55,222.2,21525
2025-05-20 07:01:00,222.2,226.0,222.2,225.0,10425
2025-05-20 07:02:00,225.0,228.0,225.0,228.0,5700
2025-05-20 07:03:00,227.5,229.85,226.3,229.0,8325
2025-05-20 07:04:00,229.0,230.7,226.0,226.0,5175
2025-05-20 07:05:00,226.0,227.0,225.0,225.65,3900
2025-05-20 07:06:00,226.1,227.15,224.55,225.75,7350
2025-05-20 07:07:00,225.1,226.7,223.4,226.7,5475
2025-05-20 07:08:00,226.05,227.55,225.3,226.75,4500
2025-05-20 07:09:00,226.75,227.75,223.8,226.8,2550
2025-05-20 07:10:00,226.8,229.95,226.8,229.65,4950
2025-05-20 07:11:00,229.7,229.7,225.35,226.05,6525
2025-05-20 07:12:00,226.05,227.5,225.5,225.55,2475
2025-05-20 07:13:00,226.5,228.85,223.45,228.85,3450
2025-05-20 07:14:00,228.85,234.5,228.2,228.5,35475
2025-05-20 07:15:00,228.0,230.0,227.5,228.95,4575
2025-05-20 07:16:00,229.5,233.45,229.0,232.85,10125
2025-05-20 07:17:00,233.15,235.0,231.55,235.0,6675
2025-05-20 07:18:00,234.8,243.5,234.8,241.25,45825
2025-05-20 07:19:00,241.25,248.7,240.45,243.8,54975
2025-05-20 07:20:00,244.5,247.15,240.6,242.7,28350
2025-05-20 07:21:00,242.8,255.0,240.45,254.55,33900
2025-05-20 07:22:00,256.3,260.0,252.0,259.6,79125
2025-05-20 07:23:00,258.55,258.55,252.4,256.6,49650
2025-05-20 07:24:00,257.0,258.6,254.8,257.65,24300
2025-05-20 07:25:00,257.7,261.0,254.0,261.0,18600
2025-05-20 07:26:00,260.15,267.85,258.75,262.9,117750
2025-05-20 07:27:00,262.85,267.25,261.35,262.7,27525
2025-05-20 07:28:00,264.3,275.4,261.75,274.0,44550
2025-05-20 07:29:00,273.3,276.45,268.15,268.95,58650
2025-05-20 07:30:00,267.5,267.85,261.55,264.85,31575
2025-05-20 07:31:00,264.85,268.95,261.6,268.95,20775
2025-05-20 07:32:00,269.1,269.95,265.8,268.0,26775
2025-05-20 07:33:00,267.25,269.2,264.0,265.6,12975
2025-05-20 07:34:00,265.65,266.05,259.05,265.75,26475
2025-05-20 07:35:00,265.05,266.0,259.1,259.1,16200
2025-05-20 07:36:00,260.0,260.4,255.55,257.8,14550
2025-05-20 07:37:00,256.95,262.35,253.85,254.15,16725
2025-05-20 07:38:00,254.0,260.7,253.65,260.25,15525
2025-05-20 07:39:00,261.2,267.3,260.3,266.8,23925
2025-05-20 07:40:00,264.9,265.95,260.75,260.75,21975
2025-05-20 07:41:00,260.0,263.95,257.55,263.25,12900
2025-05-20 07:42:00,262.65,269.75,262.2,268.0,42750
2025-05-20 07:43:00,267.45,267.55,262.15,265.75,17025
2025-05-20 07:44:00,265.1,268.3,263.9,266.15,22200
2025-05-20 07:45:00,266.5,268.5,265.0,266.3,16500
2025-05-20 07:46:00,266.85,272.6,265.6,267.95,41025
2025-05-20 07:47:00,268.05,270.45,266.4,270.0,33675
2025-05-20 07:48:00,269.2,276.6,268.5,275.5,49500
2025-05-20 07:49:00,277.15,280.0,273.0,277.9,29475
2025-05-20 07:50:00,278.8,279.05,272.0,272.9,20100
2025-05-20 07:51:00,273.05,273.5,269.9,270.65,31950
2025-05-20 07:52:00,271.1,273.2,267.75,271.0,21225
2025-05-20 07:53:00,270.7,271.65,269.2,269.75,10500
2025-05-20 07:54:00,269.95,271.95,265.75,271.2,24000
2025-05-20 07:55:00,271.45,272.15,269.0,270.0,8025
2025-05-20 07:56:00,269.85,269.85,263.85,264.85,17550
2025-05-20 07:57:00,265.3,265.45,262.05,263.95,13500
2025-05-20 07:58:00,264.55,266.45,262.8,266.45,8250
2025-05-20 07:59:00,266.95,268.25,263.2,268.25,9075
2025-05-20 08:00:00,268.5,271.3,265.95,271.15,25425
2025-05-20 08:01:00,270.7,271.0,265.0,270.85,24150
2025-05-20 08:02:00,269.9,270.95,267.65,268.8,3375
2025-05-20 08:03:00,268.65,270.55,261.9,265.0,7725
2025-05-20 08:04:00,264.6,269.75,264.6,268.8,8700
2025-05-20 08:05:00,269.25,276.0,268.7,273.5,15150
2025-05-20 08:06:00,272.7,273.0,269.45,271.5,15000
2025-05-20 08:07:00,271.4,273.4,267.8,271.1,6750
2025-05-20 08:08:00,271.1,274.0,271.1,274.0,5325
2025-05-20 08:09:00,273.7,273.7,271.0,272.45,3675
2025-05-20 08:10:00,271.6,272.0,268.0,271.4,7500
2025-05-20 08:11:00,271.4,278.0,271.4,277.3,12900
2025-05-20 08:12:00,277.25,280.8,274.0,275.85,34425
2025-05-20 08:13:00,275.0,277.0,272.15,275.45,14550
2025-05-20 08:14:00,275.15,275.15,271.85,272.65,21975
2025-05-20 08:15:00,273.75,275.0,272.9,273.6,12000
2025-05-20 08:16:00,274.4,277.6,269.5,270.4,25200
2025-05-20 08:17:00,270.4,270.6,266.7,269.85,14175
2025-05-20 08:18:00,269.45,270.15,265.8,265.85,6225
2025-05-20 08:19:00,266.8,269.8,265.4,267.8,10125
2025-05-20 08:20:00,267.05,269.35,267.05,269.2,6675
2025-05-20 08:21:00,269.15,269.15,263.6,263.6,9900
2025-05-20 08:22:00,264.1,267.85,264.1,265.65,16800
2025-05-20 08:23:00,265.65,269.95,264.0,269.95,9075
2025-05-20 08:24:00,269.95,269.95,266.4,269.9,4200
2025-05-20 08:25:00,269.25,271.3,269.0,269.7,8250
2025-05-20 08:26:00,269.7,273.15,268.4,273.0,8625
2025-05-20 08:27:00,271.65,273.95,271.15,273.15,13125
2025-05-20 08:28:00,273.15,275.05,271.8,273.75,6150
2025-05-20 08:29:00,273.25,274.75,272.85,273.45,5775
2025-05-20 08:30:00,273.45,275.1,272.45,274.45,3600
2025-05-20 08:31:00,274.3,278.5,273.8,277.15,10875
2025-05-20 08:32:00,277.8,280.0,276.35,278.85,12750
2025-05-20 08:33:00,278.6,284.0,278.6,281.75,27900
2025-05-20 08:34:00,281.2,281.55,278.55,280.45,19125
2025-05-20 08:35:00,280.35,286.75,280.35,286.75,28500
2025-05-20 08:36:00,286.25,290.1,284.1,290.1,35175
2025-05-20 08:37:00,289.95,291.0,287.55,289.25,25050
2025-05-20 08:38:00,290.1,292.7,288.9,288.9,30825
2025-05-20 08:39:00,289.95,291.65,284.7,286.95,23400
2025-05-20 08:40:00,287.0,288.65,286.45,287.65,8100
2025-05-20 08:41:00,287.0,287.15,282.2,286.7,10200
2025-05-20 08:42:00,286.45,288.55,284.55,284.55,17700
2025-05-20 08:43:00,285.0,288.1,283.6,287.5,10575
2025-05-20 08:44:00,287.5,290.8,285.15,285.75,10125
2025-05-20 08:45:00,287.25,291.15,287.15,291.0,6375
2025-05-20 08:46:00,290.9,290.9,287.0,289.45,3375
2025-05-20 08:47:00,289.45,289.45,284.75,287.05,7425
2025-05-20 08:48:00,285.65,286.35,283.7,285.0,4200
2025-05-20 08:49:00,285.0,294.0,285.0,291.5,13350
2025-05-20 08:50:00,291.7,300.8,291.2,299.4,51375
2025-05-20 08:51:00,298.25,300.25,296.3,296.85,15975
2025-05-20 08:52:00,296.3,305.05,296.3,304.9,24300
2025-05-20 08:53:00,304.7,304.7,299.45,300.0,22350
2025-05-20 08:54:00,299.25,301.45,297.4,299.8,9900
2025-05-20 08:55:00,299.8,301.7,298.55,298.95,15600
2025-05-20 08:56:00,300.1,305.95,300.1,304.5,26550
2025-05-20 08:57:00,304.5,309.0,303.1,304.55,33900
2025-05-20 08:58:00,307.75,307.75,303.75,306.65,17175
2025-05-20 08:59:00,306.95,309.25,305.7,307.2,25800
2025-05-20 09:00:00,306.45,308.5,304.45,308.5,13425
2025-05-20 09:01:00,309.0,310.75,306.95,308.95,55425
2025-05-20 09:02:00,309.35,310.0,306.35,308.75,14175
2025-05-20 09:03:00,308.25,309.65,306.4,307.45,10800
2025-05-20 09:04:00,307.9,310.15,305.95,306.0,8325
2025-05-20 09:05:00,305.85,306.9,304.05,306.4,17175
2025-05-20 09:06:00,306.4,310.2,306.4,308.15,4575
2025-05-20 09:07:00,308.3,308.3,305.15,305.85,5850
2025-05-20 09:08:00,306.0,306.4,302.75,304.9,14775
2025-05-20 09:09:00,304.65,307.4,303.9,304.0,8925
2025-05-20 09:10:00,304.8,314.35,304.55,314.35,7425
2025-05-20 09:11:00,313.6,322.6,313.15,322.05,33525
2025-05-20 09:12:00,322.5,323.7,319.25,321.25,16800
2025-05-20 09:13:00,321.25,321.8,319.15,320.5,16875
2025-05-20 09:14:00,320.5,322.95,318.5,322.2,9600
2025-05-20 09:15:00,322.2,324.9,317.95,321.4,10875
2025-05-20 09:16:00,321.9,322.6,315.35,318.55,16275
2025-05-20 09:17:00,319.0,319.0,313.95,315.05,6900
2025-05-20 09:18:00,314.95,314.95,310.6,311.3,9375
2025-05-20 09:19:00,311.4,313.25,309.6,311.55,14325
2025-05-20 09:20:00,312.3,313.0,309.5,310.0,15225
2025-05-20 09:21:00,310.0,313.0,309.95,312.4,5850
2025-05-20 09:22:00,312.4,314.6,310.65,311.0,5850
2025-05-20 09:23:00,315.0,318.25,314.7,316.35,6075
2025-05-20 09:24:00,316.65,319.2,315.25,318.9,10575
2025-05-20 09:25:00,318.7,319.6,315.0,317.5,7500
2025-05-20 09:26:00,317.45,319.5,315.0,316.85,9750
2025-05-20 09:27:00,317.25,321.75,316.45,321.75,5325
2025-05-20 09:28:00,321.9,321.9,316.65,318.2,7200
2025-05-20 09:29:00,318.35,321.2,317.2,320.95,5250
2025-05-20 09:30:00,320.0,321.0,313.65,315.25,14325
2025-05-20 09:31:00,315.0,315.0,302.85,308.25,12975
2025-05-20 09:32:00,308.25,308.95,304.35,304.8,11025
2025-05-20 09:33:00,304.0,312.8,303.8,312.75,4875
2025-05-20 09:34:00,312.75,316.6,312.75,315.45,4650
2025-05-20 09:35:00,315.15,315.15,312.0,313.85,10875
2025-05-20 09:36:00,313.95,319.35,312.25,318.9,2925
2025-05-20 09:37:00,319.9,319.9,316.75,318.55,2925
2025-05-20 09:38:00,319.9,320.0,315.55,317.1,4725
2025-05-20 09:39:00,316.65,316.65,310.0,311.05,7125
2025-05-20 09:40:00,309.95,311.65,306.3,306.3,7875
2025-05-20 09:41:00,306.95,308.75,302.1,302.4,9525
2025-05-20 09:42:00,302.4,303.15,296.4,298.35,24075
2025-05-20 09:43:00,297.9,304.05,297.0,301.2,12300
2025-05-20 09:44:00,301.85,305.1,300.3,304.0,10575
2025-05-20 09:45:00,306.0,306.85,302.65,304.45,15075
2025-05-20 09:46:00,304.75,307.0,303.1,304.8,16875
2025-05-20 09:47:00,305.3,306.85,304.35,305.95,18825
2025-05-20 09:48:00,305.65,310.35,305.65,309.6,9975
2025-05-20 09:49:00,309.6,312.0,306.1,306.1,6975
2025-05-20 09:50:00,306.1,306.1,302.05,305.1,6750
2025-05-20 09:51:00,303.65,305.25,302.55,304.0,23850
2025-05-20 09:52:00,303.55,305.1,302.65,303.0,13125
2025-05-20 09:53:00,304.7,305.45,303.8,305.0,6750
2025-05-20 09:54:00,305.4,305.75,303.0,303.45,4200
2025-05-20 09:55:00,303.45,303.45,298.4,300.45,10575
2025-05-20 09:56:00,299.2,300.85,298.45,299.05,8775
2025-05-20 09:57:00,298.75,299.05,295.25,296.05,12375
2025-05-20 09:58:00,297.0,299.85,297.0,299.45,15825
2025-05-20 09:59:00,299.45,301.2,297.9,301.2,10800
2025-05-21 03:45:00,305.25,305.25,284.25,289.85,77175
2025-05-21 03:46:00,289.95,306.1,284.0,302.95,42600
2025-05-21 03:47:00,302.0,305.15,299.25,301.4,27225
2025-05-21 03:48:00,301.4,311.35,298.4,310.75,37875
2025-05-21 03:49:00,310.75,311.95,301.9,301.9,17850
2025-05-21 03:50:00,300.9,301.95,291.9,292.2,37575
2025-05-21 03:51:00,292.75,292.85,286.05,287.9,13950
2025-05-21 03:52:00,288.85,295.0,286.15,293.5,13950
2025-05-21 03:53:00,293.25,306.0,291.75,306.0,22350
2025-05-21 03:54:00,306.25,306.25,298.55,302.6,26400
2025-05-21 03:55:00,302.05,309.6,299.3,302.2,26100
2025-05-21 03:56:00,302.65,304.2,295.45,296.45,18825
2025-05-21 03:57:00,297.25,301.75,296.55,299.75,15375
2025-05-21 03:58:00,299.75,302.7,286.95,291.0,15525
2025-05-21 03:59:00,288.55,292.95,286.25,292.8,60300
2025-05-21 04:00:00,292.8,298.65,292.8,297.7,52500
2025-05-21 04:01:00,296.9,298.05,293.05,294.15,6000
2025-05-21 04:02:00,294.75,294.75,283.35,285.55,14025
2025-05-21 04:03:00,285.55,286.0,277.85,280.05,38250
2025-05-21 04:04:00,280.0,280.55,275.4,277.0,31575
2025-05-21 04:05:00,276.9,281.2,275.0,279.85,16650
2025-05-21 04:06:00,279.85,283.05,277.8,282.0,12150
2025-05-21 04:07:00,281.6,284.2,268.5,271.05,31350
2025-05-21 04:08:00,270.65,271.8,263.05,266.35,64800
2025-05-21 04:09:00,266.35,266.35,259.6,261.55,22800
2025-05-21 04:10:00,261.65,268.65,261.65,265.0,20250
2025-05-21 04:11:00,265.35,265.45,255.2,257.45,55875
2025-05-21 04:12:00,257.45,263.9,256.6,261.1,28200
2025-05-21 04:13:00,261.95,263.35,260.7,263.2,10425
2025-05-21 04:14:00,263.25,270.2,262.6,267.05,59100
2025-05-21 04:15:00,266.0,266.35,250.4,256.0,29175
2025-05-21 04:16:00,256.25,256.45,251.1,255.0,32925
2025-05-21 04:17:00,255.0,257.3,251.0,255.0,30750
2025-05-21 04:18:00,255.5,256.65,247.65,248.8,65025
2025-05-21 04:19:00,249.4,252.9,246.1,251.1,26925
2025-05-21 04:20:00,250.45,254.8,249.05,252.3,28950
2025-05-21 04:21:00,250.8,257.55,250.8,255.5,74100
2025-05-21 04:22:00,254.45,255.65,251.8,254.55,26475
2025-05-21 04:23:00,254.25,254.65,246.3,252.6,19275
2025-05-21 04:24:00,251.65,252.3,243.95,247.2,47775
2025-05-21 04:25:00,247.65,251.95,245.75,250.8,15525
2025-05-21 04:26:00,250.2,253.6,250.2,253.05,15150
2025-05-21 04:27:00,252.35,259.6,252.15,258.65,42075
2025-05-21 04:28:00,258.15,259.6,253.2,255.1,16350
2025-05-21 04:29:00,254.55,260.0,254.45,256.05,17700
2025-05-21 04:30:00,256.2,259.0,255.3,257.0,5625
2025-05-21 04:31:00,258.05,259.45,250.8,254.05,13575
2025-05-21 04:32:00,252.55,252.7,242.0,246.4,27750
2025-05-21 04:33:00,246.25,252.45,246.05,251.0,15075
2025-05-21 04:34:00,251.1,251.4,246.7,247.4,6975
2025-05-21 04:35:00,248.6,251.05,245.9,248.8,4425
2025-05-21 04:36:00,248.8,251.85,243.0,244.0,14625
2025-05-21 04:37:00,244.0,245.1,234.9,238.1,83025
2025-05-21 04:38:00,237.8,238.0,234.45,235.75,21600
2025-05-21 04:39:00,234.9,236.85,232.0,233.0,33300
2025-05-21 04:40:00,232.8,235.8,231.6,232.6,23550
2025-05-21 04:41:00,233.0,235.9,232.3,235.9,16800
2025-05-21 04:42:00,236.0,237.3,233.1,233.1,16875
2025-05-21 04:43:00,234.0,234.65,230.55,233.15,16425
2025-05-21 04:44:00,234.15,234.15,227.1,231.05,22725
2025-05-21 04:45:00,230.65,230.65,224.85,226.6,40725
2025-05-21 04:46:00,226.95,227.05,215.0,217.15,63375
2025-05-21 04:47:00,216.75,221.5,215.85,220.95,63300
2025-05-21 04:48:00,221.1,221.1,218.6,220.75,57825
2025-05-21 04:49:00,220.7,222.0,218.0,220.45,32475
2025-05-21 04:50:00,220.4,220.9,212.05,219.05,79275
2025-05-21 04:51:00,217.75,220.15,215.7,219.45,114000
2025-05-21 04:52:00,219.45,220.85,216.0,218.1,52650
2025-05-21 04:53:00,218.1,220.0,216.35,217.0,48300
2025-05-21 04:54:00,216.0,219.0,212.3,216.3,35625
2025-05-21 04:55:00,216.65,219.25,213.0,213.25,69600
2025-05-21 04:56:00,213.1,214.65,211.05,212.55,44625
2025-05-21 04:57:00,212.05,215.55,211.75,215.15,46650
2025-05-21 04:58:00,216.0,223.0,215.85,223.0,59550
2025-05-21 04:59:00,222.55,222.6,217.95,220.6,38100
2025-05-21 05:00:00,220.55,220.9,218.0,218.4,81675
2025-05-21 05:01:00,219.2,220.55,217.3,217.7,23775
2025-05-21 05:02:00,218.05,220.0,216.6,216.8,22875
2025-05-21 05:03:00,217.6,219.4,215.45,216.25,16725
2025-05-21 05:04:00,216.55,218.65,215.0,215.45,16500
2025-05-21 05:05:00,215.35,215.85,202.2,204.3,78750
2025-05-21 05:06:00,203.45,205.6,195.05,196.05,69150
2025-05-21 05:07:00,195.75,197.45,191.15,197.3,37200
2025-05-21 05:08:00,197.75,201.0,196.8,199.7,51150
2025-05-21 05:09:00,199.0,200.0,198.55,199.55,21000
2025-05-21 05:10:00,199.3,199.4,196.0,198.6,28650
2025-05-21 05:11:00,198.55,198.7,196.65,197.05,16575
2025-05-21 05:12:00,196.95,200.0,195.4,199.6,18300
2025-05-21 05:13:00,199.4,202.05,199.0,201.95,27300
2025-05-21 05:14:00,201.65,206.0,201.65,203.95,33975
2025-05-21 05:15:00,204.0,208.6,203.55,206.55,40200
2025-05-21 05:16:00,206.3,207.0,204.15,206.5,19950
2025-05-21 05:17:00,206.15,207.0,203.7,205.2,29175
2025-05-21 05:18:00,205.05,209.55,203.9,203.9,21825
2025-05-21 05:19:00,204.0,207.0,203.25,203.4,19125
2025-05-21 05:20:00,203.0,204.15,199.8,204.05,43650
2025-05-21 05:21:00,203.7,204.3,202.15,202.8,17475
2025-05-21 05:22:00,202.0,206.15,202.0,205.1,8925
2025-05-21 05:23:00,205.95,211.5,205.95,210.05,28875
2025-05-21 05:24:00,210.05,214.7,210.05,212.8,25050
2025-05-21 05:25:00,212.0,213.25,210.4,210.5,10275
2025-05-21 05:26:00,210.05,213.45,206.85,212.95,23775
2025-05-21 05:27:00,212.95,214.8,210.5,212.4,20100
2025-05-21 05:28:00,211.0,214.55,210.25,214.15,9600
2025-05-21 05:29:00,214.4,214.85,210.5,213.5,17250
2025-05-21 05:30:00,212.6,217.6,210.6,215.05,39150
2025-05-21 05:31:00,213.65,214.85,210.9,213.4,31875
2025-05-21 05:32:00,213.9,217.05,211.75,217.05,28575
2025-05-21 05:33:00,217.1,223.0,217.1,217.9,72000
2025-05-21 05:34:00,218.55,224.0,217.65,222.85,41625
2025-05-21 05:35:00,222.4,230.1,221.25,229.65,64875
2025-05-21 05:36:00,230.1,232.0,223.65,225.5,61125
2025-05-21 05:37:00,225.1,229.15,225.0,226.8,26850
2025-05-21 05:38:00,226.45,227.0,216.7,220.35,31650
2025-05-21 05:39:00,220.0,220.3,210.3,211.5,41700
2025-05-21 05:40:00,212.45,213.2,204.7,207.4,45000
2025-05-21 05:41:00,208.8,216.0,208.45,216.0,22800
2025-05-21 05:42:00,216.05,219.65,215.5,216.05,32250
2025-05-21 05:43:00,216.5,219.0,214.35,217.95,18900
2025-05-21 05:44:00,217.3,219.25,215.4,216.25,33525
2025-05-21 05:45:00,216.4,218.95,213.7,215.9,31350
2025-05-21 05:46:00,216.35,217.05,210.15,212.45,20400
2025-05-21 05:47:00,212.0,216.75,212.0,212.9,7425
2025-05-21 05:48:00,212.0,214.35,211.6,211.85,16650
2025-05-21 05:49:00,211.95,213.45,209.0,211.6,35850
2025-05-21 05:50:00,211.55,212.4,207.4,211.5,19800
2025-05-21 05:51:00,212.3,215.05,210.6,215.05,19200
2025-05-21 05:52:00,214.8,218.1,214.6,218.1,27450
2025-05-21 05:53:00,218.1,223.35,218.1,221.55,45675
2025-05-21 05:54:00,222.05,226.2,221.9,225.9,29550
2025-05-21 05:55:00,225.05,225.05,218.9,218.9,40500
2025-05-21 05:56:00,218.9,222.0,216.45,221.1,25125
2025-05-21 05:57:00,221.1,222.45,216.9,221.0,17550
2025-05-21 05:58:00,221.7,225.95,221.2,225.65,27750
2025-05-21 05:59:00,225.75,227.8,223.0,224.25,18075
2025-05-21 06:00:00,224.2,226.15,221.8,226.15,20625
2025-05-21 06:01:00,226.05,226.05,221.95,224.55,6675
2025-05-21 06:02:00,223.8,237.85,222.65,230.4,74925
2025-05-21 06:03:00,230.7,233.4,225.6,232.8,22950
2025-05-21 06:04:00,231.95,236.45,231.95,235.1,36075
2025-05-21 06:05:00,235.65,240.95,233.65,239.3,67800
2025-05-21 06:06:00,239.15,242.55,235.0,235.65,58500
2025-05-21 06:07:00,234.8,234.8,227.55,234.7,81825
2025-05-21 06:08:00,234.0,236.6,228.0,233.0,29175
2025-05-21 06:09:00,233.4,233.4,230.0,231.15,61050
2025-05-21 06:10:00,232.1,233.6,224.1,225.7,27300
2025-05-21 06:11:00,226.6,229.1,225.25,228.3,12900
2025-05-21 06:12:00,228.35,234.0,228.35,234.0,7725
2025-05-21 06:13:00,234.75,236.0,232.0,234.6,15150
2025-05-21 06:14:00,234.0,237.85,234.0,237.85,12975
2025-05-21 06:15:00,237.25,239.1,235.0,238.15,29100
2025-05-21 06:16:00,236.8,242.0,235.65,240.55,46725
2025-05-21 06:17:00,240.0,249.0,239.75,247.35,90750
2025-05-21 06:18:00,247.15,252.75,245.1,246.25,108300
2025-05-21 06:19:00,246.2,249.4,245.25,248.0,29700
2025-05-21 06:20:00,247.85,254.9,246.5,253.8,60900
2025-05-21 06:21:00,252.85,254.05,246.2,248.2,31350
2025-05-21 06:22:00,248.35,248.95,242.25,243.4,43950
2025-05-21 06:23:00,243.1,243.15,236.6,239.25,44700
2025-05-21 06:24:00,239.3,244.8,239.3,244.3,13800
2025-05-21 06:25:00,243.7,244.8,239.65,241.7,12600
2025-05-21 06:26:00,242.0,245.0,240.65,245.0,24000
2025-05-21 06:27:00,244.85,245.5,238.6,239.65,12750
2025-05-21 06:28:00,240.0,245.9,240.0,243.0,11250
2025-05-21 06:29:00,244.55,245.05,240.0,242.75,12975
2025-05-21 06:30:00,242.7,249.0,241.75,246.0,11850
2025-05-21 06:31:00,247.15,260.6,246.0,256.85,82875
2025-05-21 06:32:00,252.55,259.5,251.75,256.15,50025
2025-05-21 06:33:00,255.85,262.35,254.95,261.2,42900
2025-05-21 06:34:00,260.8,266.3,260.8,266.0,45900
2025-05-21 06:35:00,266.1,267.15,260.0,260.75,48600
2025-05-21 06:36:00,260.2,264.4,258.9,262.25,34350
2025-05-21 06:37:00,260.95,262.95,256.65,258.25,18525
2025-05-21 06:38:00,259.0,265.4,258.95,265.4,23025
2025-05-21 06:39:00,264.55,270.95,263.7,269.55,38550
2025-05-21 06:40:00,270.6,283.2,265.75,283.2,52425
2025-05-21 06:41:00,282.0,287.15,277.95,280.65,130350
2025-05-21 06:42:00,280.7,296.85,280.0,296.85,57900
2025-05-21 06:43:00,294.15,305.0,291.5,297.55,114375
2025-05-21 06:44:00,298.5,303.4,296.35,301.1,40575
2025-05-21 06:45:00,298.05,314.75,297.25,312.95,97575
2025-05-21 06:46:00,312.95,334.0,311.5,318.8,117300
2025-05-21 06:47:00,317.5,319.15,313.0,319.15,32400
2025-05-21 06:48:00,319.7,326.05,318.3,326.05,22650
2025-05-21 06:49:00,329.0,329.0,311.0,313.95,28800
2025-05-21 06:50:00,313.75,318.0,290.4,294.6,78975
2025-05-21 06:51:00,294.5,296.0,272.55,280.45,73125
2025-05-21 06:52:00,281.4,285.7,279.0,280.0,22575
2025-05-21 06:53:00,279.2,284.95,278.35,284.0,12450
2025-05-21 06:54:00,284.2,285.0,280.0,283.55,24900
2025-05-21 06:55:00,284.0,285.8,280.0,280.0,17700
2025-05-21 06:56:00,280.0,301.85,279.95,301.85,109275
2025-05-21 06:57:00,301.65,310.0,290.15,292.0,58725
2025-05-21 06:58:00,291.85,299.0,285.0,298.75,34875
2025-05-21 06:59:00,299.35,301.25,289.7,289.7,11700
2025-05-21 07:00:00,290.7,291.45,280.75,280.75,24000
2025-05-21 07:01:00,279.35,281.7,271.0,281.55,27975
2025-05-21 07:02:00,281.05,287.7,278.0,287.7,9750
2025-05-21 07:03:00,286.45,286.45,281.05,282.85,34200
2025-05-21 07:04:00,282.85,283.45,278.65,281.6,18525
2025-05-21 07:05:00,282.2,285.0,271.8,275.45,33525
2025-05-21 07:06:00,273.4,278.4,260.0,260.65,36000
2025-05-21 07:07:00,258.65,262.45,253.95,253.95,59325
2025-05-21 07:08:00,254.15,265.8,253.4,263.8,31875
2025-05-21 07:09:00,264.25,268.15,263.35,264.0,13050
2025-05-21 07:10:00,264.2,266.7,262.7,265.35,7200
2025-05-21 07:11:00,265.5,268.45,264.3,266.85,9900
2025-05-21 07:12:00,266.85,270.65,264.7,270.0,14625
2025-05-21 07:13:00,270.5,277.5,270.0,274.25,11400
2025-05-21 07:14:00,274.25,277.55,272.0,277.55,8100
2025-05-21 07:15:00,276.75,276.75,271.55,272.8,7950
2025-05-21 07:16:00,271.75,289.35,271.75,287.95,49350
2025-05-21 07:17:00,287.3,293.25,284.35,286.9,39225
2025-05-21 07:18:00,282.0,283.0,277.3,281.1,10200
2025-05-21 07:19:00,280.4,282.65,278.0,280.7,12225
2025-05-21 07:20:00,282.05,283.2,278.0,279.75,13875
2025-05-21 07:21:00,280.15,283.0,279.15,280.95,18525
2025-05-21 07:22:00,284.0,286.2,281.0,281.0,22950
2025-05-21 07:23:00,281.95,287.85,281.95,283.5,17250
2025-05-21 07:24:00,285.0,296.55,282.8,295.95,35025
2025-05-21 07:25:00,296.15,296.15,287.3,289.8,24225
2025-05-21 07:26:00,289.9,290.1,282.6,282.6,19875
2025-05-21 07:27:00,281.95,284.35,278.0,278.0,11175
2025-05-21 07:28:00,279.25,279.95,275.0,275.0,27900
2025-05-21 07:29:00,275.0,275.0,267.55,272.0,13725
2025-05-21 07:30:00,272.45,274.05,268.4,271.0,15150
2025-05-21 07:31:00,271.95,278.4,270.5,275.65,24525
2025-05-21 07:32:00,274.2,277.15,271.0,274.15,34575
2025-05-21 07:33:00,274.15,276.55,274.0,274.0,2325
2025-05-21 07:34:00,275.15,275.3,269.65,269.65,9975
2025-05-21 07:35:00,269.65,272.1,260.15,267.65,20250
2025-05-21 07:36:00,267.65,270.0,263.75,270.0,10725
2025-05-21 07:37:00,270.3,273.8,269.4,272.35,12225
2025-05-21 07:38:00,273.85,277.95,273.55,276.15,7875
2025-05-21 07:39:00,275.4,278.5,275.4,275.8,3900
2025-05-21 07:40:00,275.8,278.0,275.0,276.35,3975
2025-05-21 07:41:00,276.25,277.2,270.0,270.75,4500
2025-05-21 07:42:00,270.75,271.5,266.65,268.0,9375
2025-05-21 07:43:00,268.0,268.95,265.5,267.6,19575
2025-05-21 07:44:00,266.85,267.9,264.75,266.3,82575
2025-05-21 07:45:00,265.55,268.9,264.85,268.9,24075
2025-05-21 07:46:00,268.35,269.65,265.5,268.2,14775
2025-05-21 07:47:00,268.2,270.4,258.1,261.55,23475
2025-05-21 07:48:00,261.1,263.0,244.8,245.1,65850
2025-05-21 07:49:00,246.05,248.0,240.5,243.9,39975
2025-05-21 07:50:00,245.15,245.5,234.55,239.1,49875
2025-05-21 07:51:00,238.7,248.5,238.0,246.4,28200
2025-05-21 07:52:00,246.3,251.15,245.25,250.95,33825
2025-05-21 07:53:00,250.5,254.75,249.15,254.25,17625
2025-05-21 07:54:00,254.25,257.0,252.35,256.15,18900
2025-05-21 07:55:00,255.0,258.9,254.4,258.9,15375
2025-05-21 07:56:00,259.0,261.0,255.45,260.2,13875
2025-05-21 07:57:00,260.2,267.0,259.55,265.6,24825
2025-05-21 07:58:00,265.0,266.15,262.7,264.7,26100
2025-05-21 07:59:00,264.7,280.8,262.9,278.75,35475
2025-05-21 08:00:00,279.0,279.4,274.45,276.4,21600
2025-05-21 08:01:00,276.0,276.8,262.2,267.25,38325
2025-05-21 08:02:00,267.25,272.6,266.1,272.1,13575
2025-05-21 08:03:00,271.3,271.3,266.15,267.85,7800
2025-05-21 08:04:00,268.7,272.4,265.9,267.2,20775
2025-05-21 08:05:00,266.8,267.2,256.05,258.35,29100
2025-05-21 08:06:00,257.8,266.75,257.8,266.4,14625
2025-05-21 08:07:00,265.6,269.4,265.0,266.05,8400
2025-05-21 08:08:00,266.5,272.0,266.4,272.0,4050
2025-05-21 08:09:00,273.0,284.55,270.0,272.9,44550
2025-05-21 08:10:00,272.9,277.15,272.25,274.45,9450
2025-05-21 08:11:00,274.0,275.45,272.75,275.45,4050
2025-05-21 08:12:00,277.4,280.0,274.25,278.3,8400
2025-05-21 08:13:00,278.3,292.1,274.8,290.75,23475
2025-05-21 08:14:00,289.0,289.0,281.45,285.5,15825
2025-05-21 08:15:00,285.0,285.0,275.15,280.0,23625
2025-05-21 08:16:00,281.25,281.25,276.1,277.8,4650
2025-05-21 08:17:00,277.0,277.7,274.05,275.7,12375
2025-05-21 08:18:00,275.7,279.0,271.25,272.1,3675
2025-05-21 08:19:00,272.1,277.65,272.1,274.3,3825
2025-05-21 08:20:00,274.3,279.1,273.9,277.65,6750
2025-05-21 08:21:00,277.65,282.0,273.0,279.3,3300
2025-05-21 08:22:00,277.75,277.8,271.6,274.4,6300
2025-05-21 08:23:00,276.95,277.5,274.6,275.0,1875
2025-05-21 08:24:00,275.0,279.05,273.0,273.35,6900
2025-05-21 08:25:00,273.65,279.5,273.65,276.3,7425
2025-05-21 08:26:00,276.25,276.25,266.0,267.2,18300
2025-05-21 08:27:00,270.4,276.0,270.0,276.0,9750
2025-05-21 08:28:00,276.0,282.0,275.0,278.8,3825
2025-05-21 08:29:00,278.65,280.45,276.95,277.45,6150
2025-05-21 08:30:00,278.75,287.15,275.65,277.95,12300
2025-05-21 08:31:00,279.1,285.0,279.1,282.55,9900
2025-05-21 08:32:00,282.5,289.1,282.5,288.25,14250
2025-05-21 08:33:00,289.35,300.6,287.8,295.0,44475
2025-05-21 08:34:00,295.25,301.0,295.25,300.0,12525
2025-05-21 08:35:00,299.55,299.55,283.95,283.95,14475
2025-05-21 08:36:00,286.35,287.25,283.95,287.05,6750
2025-05-21 08:37:00,287.55,288.55,283.5,288.55,5850
2025-05-21 08:38:00,289.05,289.05,283.6,286.5,15375
2025-05-21 08:39:00,286.5,290.75,284.65,284.65,5325
2025-05-21 08:40:00,284.65,290.65,284.65,285.5,6300
2025-05-21 08:41:00,285.5,286.35,276.55,278.45,12750
2025-05-21 08:42:00,278.45,278.45,273.4,278.0,4950
2025-05-21 08:43:00,276.75,276.75,271.0,271.2,13575
2025-05-21 08:44:00,272.4,275.0,268.2,268.2,12150
2025-05-21 08:45:00,268.0,272.75,267.45,269.45,11775
2025-05-21 08:46:00,268.6,274.0,268.6,272.25,8550
2025-05-21 08:47:00,273.0,274.0,271.5,271.5,4725
2025-05-21 08:48:00,272.1,277.5,272.1,276.5,4275
2025-05-21 08:49:00,277.4,278.4,275.2,276.15,10500
2025-05-21 08:50:00,276.15,279.2,271.55,272.8,15225
2025-05-21 08:51:00,272.8,276.05,270.25,274.6,5325
2025-05-21 08:52:00,272.5,272.5,256.45,258.75,33675
2025-05-21 08:53:00,259.35,262.6,255.2,262.05,13275
2025-05-21 08:54:00,261.75,267.8,261.45,266.0,12675
2025-05-21 08:55:00,265.45,271.05,265.2,269.95,6675
2025-05-21 08:56:00,270.1,271.05,264.55,266.0,6300
2025-05-21 08:57:00,267.25,267.6,263.4,266.55,3300
2025-05-21 08:58:00,266.0,268.6,265.95,268.6,6000
2025-05-21 08:59:00,266.85,271.5,265.25,268.05,5925
2025-05-21 09:00:00,268.15,268.15,259.05,260.7,28800
2025-05-21 09:01:00,261.45,267.75,261.3,266.25,10275
2025-05-21 09:02:00,267.6,270.85,265.6,266.7,18000
2025-05-21 09:03:00,266.55,270.55,265.65,266.9,6675
2025-05-21 09:04:00,265.05,267.15,263.25,266.8,4725
2025-05-21 09:05:00,268.0,270.55,263.0,263.2,4875
2025-05-21 09:06:00,262.15,265.0,261.0,265.0,4650
2025-05-21 09:07:00,265.0,268.35,261.0,262.9,9225
2025-05-21 09:08:00,264.9,268.7,264.9,268.0,4125
2025-05-21 09:09:00,267.65,267.65,264.8,267.45,1800
2025-05-21 09:10:00,266.9,266.95,262.6,262.6,8625
2025-05-21 09:11:00,264.45,272.6,262.55,269.8,16725
2025-05-21 09:12:00,269.8,282.2,269.8,276.8,28575
2025-05-21 09:13:00,276.6,280.0,276.4,276.65,6075
2025-05-21 09:14:00,277.75,278.0,274.5,277.05,8025
2025-05-21 09:15:00,277.05,277.05,265.8,266.35,17025
2025-05-21 09:16:00,264.2,270.6,264.0,270.0,6075
2025-05-21 09:17:00,269.45,270.2,266.85,266.85,5250
2025-05-21 09:18:00,266.7,272.75,265.15,272.75,5175
2025-05-21 09:19:00,272.75,272.75,266.85,268.6,4725
2025-05-21 09:20:00,268.35,272.0,268.35,272.0,4575
2025-05-21 09:21:00,272.75,274.0,270.15,270.4,6525
2025-05-21 09:22:00,271.2,273.95,270.8,271.8,3075
2025-05-21 09:23:00,270.65,270.65,261.15,265.65,24075
2025-05-21 09:24:00,266.65,266.9,262.85,262.85,11325
2025-05-21 09:25:00,263.7,268.8,263.7,268.8,7050
2025-05-21 09:26:00,270.0,271.0,266.15,267.9,18825
2025-05-21 09:27:00,269.6,270.6,267.65,267.65,12225
2025-05-21 09:28:00,266.75,270.45,265.55,267.9,15000
2025-05-21 09:29:00,267.4,268.8,265.0,265.0,6300
2025-05-21 09:30:00,265.5,265.5,253.3,254.35,32325
2025-05-21 09:31:00,255.4,263.7,254.0,263.15,18825
2025-05-21 09:32:00,263.25,267.75,262.05,265.05,19050
2025-05-21 09:33:00,264.8,267.35,264.25,266.25,9300
2025-05-21 09:34:00,267.0,267.0,263.0,265.0,13125
2025-05-21 09:35:00,264.35,265.05,260.05,264.05,25200
2025-05-21 09:36:00,262.75,263.05,258.75,260.75,17250
2025-05-21 09:37:00,260.15,261.6,257.85,258.75,17175
2025-05-21 09:38:00,258.75,264.35,258.75,260.65,7950
2025-05-21 09:39:00,260.05,260.85,256.0,257.65,9150
2025-05-21 09:40:00,259.35,260.75,256.95,260.75,15150
2025-05-21 09:41:00,259.65,269.0,259.65,268.4,35025
2025-05-21 09:42:00,267.75,273.05,265.15,268.4,32625
2025-05-21 09:43:00,269.25,272.5,268.25,271.55,18000
2025-05-21 09:44:00,270.55,272.5,267.8,270.7,21675
2025-05-21 09:45:00,270.1,272.75,268.55,272.25,92925
2025-05-21 09:46:00,271.55,272.65,269.25,269.8,11175
2025-05-21 09:47:00,269.85,269.85,265.0,265.2,28500
2025-05-21 09:48:00,266.65,267.0,263.35,264.95,3450
2025-05-21 09:49:00,264.65,266.55,262.05,264.8,15675
2025-05-21 09:50:00,265.35,266.05,262.95,264.2,16875
2025-05-21 09:51:00,264.2,265.0,260.85,263.45,12075
2025-05-21 09:52:00,262.65,267.1,262.65,266.05,22875
2025-05-21 09:53:00,266.7,271.9,266.7,271.75,49275
2025-05-21 09:54:00,271.75,279.25,271.15,275.0,51000
2025-05-21 09:55:00,275.25,275.95,270.4,272.15,35850
2025-05-21 09:56:00,272.8,274.3,272.25,273.45,18375
2025-05-21 09:57:00,274.0,274.55,271.0,272.0,23625
2025-05-21 09:58:00,273.0,273.45,270.75,271.7,17325
2025-05-21 09:59:00,272.15,272.15,268.15,268.35,24600
2025-05-22 03:45:00,299.95,319.4,297.05,315.4,116400
2025-05-22 03:46:00,317.7,328.15,313.35,326.05,73575
2025-05-22 03:47:00,326.05,338.25,326.05,335.1,84075
2025-05-22 03:48:00,335.1,366.95,334.45,362.5,75150
2025-05-22 03:49:00,362.5,365.6,346.25,356.4,47100
2025-05-22 03:50:00,356.4,380.0,356.4,370.0,78750
2025-05-22 03:51:00,370.0,375.3,363.45,371.8,36450
2025-05-22 03:52:00,371.8,389.35,371.8,384.8,55800
2025-05-22 03:53:00,382.4,388.15,376.7,386.7,17625
2025-05-22 03:54:00,386.7,403.1,386.7,397.2,30075
2025-05-22 03:55:00,397.2,402.55,373.95,378.35,29700
2025-05-22 03:56:00,379.35,394.85,378.35,384.9,26925
2025-05-22 03:57:00,385.35,395.25,381.2,391.8,13275
2025-05-22 03:58:00,391.6,392.9,379.0,381.95,12675
2025-05-22 03:59:00,383.3,390.45,378.9,388.6,9450
2025-05-22 04:00:00,387.15,409.45,386.95,401.2,27675
2025-05-22 04:01:00,401.2,409.0,400.0,400.9,10425
2025-05-22 04:02:00,400.3,419.5,398.8,415.65,34500
2025-05-22 04:03:00,415.65,418.45,405.5,410.8,11775
2025-05-22 04:04:00,412.65,420.5,410.9,420.5,8625
2025-05-22 04:05:00,419.35,425.65,400.0,401.1,14550
2025-05-22 04:06:00,401.1,403.25,380.0,396.9,16950
2025-05-22 04:07:00,396.9,396.9,385.1,390.0,7650
2025-05-22 04:08:00,388.85,400.05,388.85,396.45,6975
2025-05-22 04:09:00,396.45,410.5,396.35,400.3,8025
2025-05-22 04:10:00,402.75,409.95,389.25,389.25,9150
2025-05-22 04:11:00,388.75,393.0,370.0,382.1,11625
2025-05-22 04:12:00,381.65,392.8,378.05,384.6,7425
2025-05-22 04:13:00,384.6,394.9,384.35,386.95,3825
2025-05-22 04:14:00,387.5,389.1,383.3,385.3,11025
2025-05-22 04:15:00,383.2,406.8,380.9,398.35,12450
2025-05-22 04:16:00,401.05,405.3,399.0,402.75,6450
2025-05-22 04:17:00,403.25,405.8,396.4,402.3,13800
2025-05-22 04:18:00,403.0,406.9,392.3,395.1,13950
2025-05-22 04:19:00,395.85,396.7,392.5,393.5,3525
2025-05-22 04:20:00,395.75,399.35,395.75,396.8,2775
2025-05-22 04:21:00,397.35,405.15,397.0,400.7,4275
2025-05-22 04:22:00,402.3,403.3,394.0,394.0,9150
2025-05-22 04:23:00,397.3,400.0,385.95,386.15,19650
2025-05-22 04:24:00,386.15,386.15,371.9,380.8,6750
2025-05-22 04:25:00,384.2,394.6,383.7,383.9,6075
2025-05-22 04:26:00,383.9,387.9,375.35,379.45,9150
2025-05-22 04:27:00,379.15,382.45,367.2,377.75,12600
2025-05-22 04:28:00,377.5,378.65,372.8,372.8,6300
2025-05-22 04:29:00,370.65,372.25,354.75,354.75,10650
2025-05-22 04:30:00,356.55,364.95,355.7,359.9,10575
2025-05-22 04:31:00,359.9,371.9,356.6,368.75,9150
2025-05-22 04:32:00,368.15,369.95,360.0,360.25,12450
2025-05-22 04:33:00,361.5,362.65,350.9,353.1,9675
2025-05-22 04:34:00,353.85,365.75,353.85,365.75,5850
2025-05-22 04:35:00,369.0,379.0,365.3,374.45,8325
2025-05-22 04:36:00,376.65,380.2,373.05,380.2,5475
2025-05-22 04:37:00,381.8,386.65,378.35,378.35,5250
2025-05-22 04:38:00,377.9,382.3,368.55,369.4,2775
2025-05-22 04:39:00,373.65,375.7,371.9,374.1,1200
2025-05-22 04:40:00,374.0,376.15,373.85,373.85,4350
2025-05-22 04:41:00,379.0,379.95,375.0,378.5,1425
2025-05-22 04:42:00,379.05,379.05,366.55,369.1,2025
2025-05-22 04:43:00,369.1,369.1,362.0,368.55,4650
2025-05-22 04:44:00,369.3,372.25,360.0,365.2,2175
2025-05-22 04:45:00,362.7,365.3,362.3,365.05,975
2025-05-22 04:46:00,365.0,366.05,355.95,360.3,2550
2025-05-22 04:47:00,359.65,362.0,359.65,359.65,1350
2025-05-22 04:48:00,359.65,359.65,353.0,355.0,9150
2025-05-22 04:49:00,355.0,360.0,352.9,360.0,4425
2025-05-22 04:50:00,361.35,364.15,355.4,357.75,14775
2025-05-22 04:51:00,359.5,361.35,355.85,357.25,4200
2025-05-22 04:52:00,357.25,357.25,353.75,356.9,825
2025-05-22 04:53:00,356.9,358.0,350.0,357.55,3375
2025-05-22 04:54:00,356.8,357.4,356.0,357.4,300
2025-05-22 04:55:00,357.4,376.05,357.4,370.85,4200
2025-05-22 04:56:00,369.7,371.6,366.5,369.0,4125
2025-05-22 04:57:00,369.6,384.1,368.7,381.65,4725
2025-05-22 04:58:00,385.0,388.3,381.25,385.0,6900
2025-05-22 04:59:00,386.0,386.0,378.6,380.4,3300
2025-05-22 05:00:00,380.3,383.65,380.3,382.15,3825
2025-05-22 05:01:00,382.15,382.15,371.9,376.9,2025
2025-05-22 05:02:00,375.7,377.0,369.25,370.0,2625
2025-05-22 05:03:00,370.9,372.6,369.0,370.0,2550
2025-05-22 05:04:00,367.75,368.45,361.95,361.95,3600
2025-05-22 05:05:00,363.9,365.65,350.0,353.15,6150
2025-05-22 05:06:00,352.45,356.2,351.7,355.8,3300
2025-05-22 05:07:00,353.8,354.25,344.95,344.95,13800
2025-05-22 05:08:00,348.0,354.75,344.9,354.75,3150
2025-05-22 05:09:00,354.75,363.0,354.25,363.0,5625
2025-05-22 05:10:00,363.0,363.0,356.5,357.4,6750
2025-05-22 05:11:00,357.05,357.6,352.0,357.6,1875
2025-05-22 05:12:00,356.5,359.55,355.0,357.0,1950
2025-05-22 05:13:00,359.25,360.5,355.35,357.6,3450
2025-05-22 05:14:00,357.6,360.2,357.6,360.2,2325
2025-05-22 05:15:00,359.65,360.75,355.0,357.0,5250
2025-05-22 05:16:00,357.15,363.3,357.15,358.4,3900
2025-05-22 05:17:00,358.0,359.55,355.55,357.55,1200
2025-05-22 05:18:00,360.05,364.0,360.0,362.15,3975
2025-05-22 05:19:00,362.35,368.7,362.35,365.25,4425
2025-05-22 05:20:00,364.85,365.6,363.6,363.6,4875
2025-05-22 05:21:00,363.6,363.6,357.05,359.95,1875
2025-05-22 05:22:00,359.95,360.4,357.85,360.4,675
2025-05-22 05:23:00,359.95,361.45,359.45,361.35,750
2025-05-22 05:24:00,360.85,362.2,358.0,359.45,2850
2025-05-22 05:25:00,361.8,361.8,357.9,357.9,1425
2025-05-22 05:26:00,358.3,360.1,358.3,359.6,975
2025-05-22 05:27:00,359.6,363.15,358.25,363.0,1125
2025-05-22 05:28:00,363.0,365.85,361.35,361.35,2700
2025-05-22 05:29:00,361.35,361.35,355.4,356.85,1950
2025-05-22 05:30:00,356.85,357.85,355.0,356.65,1050
2025-05-22 05:31:00,356.65,359.0,356.65,358.85,4050
2025-05-22 05:32:00,358.85,358.85,358.55,358.55,75
2025-05-22 05:33:00,359.3,359.55,357.85,357.85,1800
2025-05-22 05:34:00,360.7,365.0,360.7,365.0,825
2025-05-22 05:35:00,365.0,370.9,362.0,366.35,1725
2025-05-22 05:36:00,366.35,366.35,364.05,366.1,3000
2025-05-22 05:37:00,364.5,367.0,362.05,362.05,600
2025-05-22 05:38:00,362.05,363.7,359.0,359.0,3375
2025-05-22 05:39:00,359.0,360.35,358.9,360.05,750
2025-05-22 05:40:00,360.05,360.05,358.0,359.2,975
2025-05-22 05:41:00,359.3,363.55,359.3,360.1,1125
2025-05-22 05:42:00,358.85,359.65,356.9,359.65,2925
2025-05-22 05:43:00,359.65,360.0,357.75,359.9,1200
2025-05-22 05:44:00,359.9,360.9,359.2,360.9,450
2025-05-22 05:45:00,363.45,363.75,358.55,359.55,3600
2025-05-22 05:46:00,359.7,360.7,357.75,359.75,825
2025-05-22 05:47:00,359.6,360.2,358.0,358.4,4725
2025-05-22 05:48:00,358.35,361.15,357.3,361.15,1425
2025-05-22 05:49:00,360.0,360.45,359.25,360.45,2250
2025-05-22 05:50:00,360.45,362.25,358.65,360.7,1575
2025-05-22 05:51:00,360.0,363.0,357.8,361.6,1425
2025-05-22 05:52:00,362.7,363.8,361.2,362.45,3300
2025-05-22 05:53:00,362.45,371.0,362.0,371.0,1200
2025-05-22 05:54:00,372.0,372.0,363.15,368.2,4200
2025-05-22 05:55:00,368.2,368.2,360.0,361.8,1425
2025-05-22 05:56:00,361.8,369.75,361.8,367.85,900
2025-05-22 05:57:00,367.85,367.85,361.5,364.3,1125
2025-05-22 05:58:00,364.55,366.05,363.6,366.05,1050
2025-05-22 05:59:00,366.05,366.05,363.7,363.7,1050
2025-05-22 06:00:00,363.05,364.95,362.6,364.5,1425
2025-05-22 06:01:00,364.5,364.5,361.8,362.8,525
2025-05-22 06:02:00,364.45,369.75,364.45,367.8,3150
2025-05-22 06:03:00,367.8,367.8,363.1,366.15,3450
2025-05-22 06:04:00,366.15,370.0,365.9,368.05,1575
2025-05-22 06:05:00,368.05,371.0,368.05,369.3,1950
2025-05-22 06:06:00,369.9,370.95,368.8,369.85,2550
2025-05-22 06:07:00,368.7,393.55,368.7,390.2,18600
2025-05-22 06:08:00,395.7,401.0,391.1,391.75,14550
2025-05-22 06:09:00,394.0,394.85,387.95,391.1,4275
2025-05-22 06:10:00,388.9,394.65,388.9,394.65,1350
2025-05-22 06:11:00,396.0,404.0,392.95,394.4,5100
2025-05-22 06:12:00,401.65,401.65,394.65,401.0,1500
2025-05-22 06:13:00,401.0,401.0,394.85,395.55,1875
2025-05-22 06:14:00,395.55,395.55,386.0,388.1,3750
2025-05-22 06:15:00,390.95,393.0,388.0,390.1,1050
2025-05-22 06:16:00,388.3,389.1,384.0,386.9,2250
2025-05-22 06:17:00,384.9,384.9,373.2,373.4,7200
2025-05-22 06:18:00,372.9,377.5,372.4,377.1,5775
2025-05-22 06:19:00,377.1,377.6,373.5,377.1,2475
2025-05-22 06:20:00,376.2,378.0,371.8,371.8,2175
2025-05-22 06:21:00,373.1,373.75,364.9,370.5,5775
2025-05-22 06:22:00,370.5,370.5,366.75,369.6,2325
2025-05-22 06:23:00,369.0,371.2,366.3,368.0,3075
2025-05-22 06:24:00,370.05,370.05,349.0,360.65,5325
2025-05-22 06:25:00,359.6,364.0,358.35,363.55,2475
2025-05-22 06:26:00,364.95,365.05,360.85,362.4,2925
2025-05-22 06:27:00,365.85,373.1,365.85,367.75,4350
2025-05-22 06:28:00,367.7,371.25,366.4,369.3,2775
2025-05-22 06:29:00,365.75,368.3,365.6,368.3,1200
2025-05-22 06:30:00,368.35,368.35,365.35,367.95,3450
2025-05-22 06:31:00,367.95,371.8,367.95,368.3,2400
2025-05-22 06:32:00,364.0,365.5,362.0,365.3,2475
2025-05-22 06:33:00,365.3,365.3,361.1,362.25,2625
2025-05-22 06:34:00,362.25,366.3,362.25,363.9,450
2025-05-22 06:35:00,363.9,369.55,363.9,369.55,1425
2025-05-22 06:36:00,369.55,372.35,368.6,372.0,1200
2025-05-22 06:37:00,372.0,373.6,369.2,371.05,1275
2025-05-22 06:38:00,370.8,375.6,370.8,374.75,2400
2025-05-22 06:39:00,374.75,378.7,371.3,377.2,1500
2025-05-22 06:40:00,378.05,380.0,373.85,377.2,3975
2025-05-22 06:41:00,377.4,378.15,375.0,377.7,2850
2025-05-22 06:42:00,377.15,378.65,374.85,375.75,2400
2025-05-22 06:43:00,375.75,383.0,375.75,380.0,2250
2025-05-22 06:44:00,380.0,380.0,377.25,377.25,2100
2025-05-22 06:45:00,380.0,383.25,376.75,379.6,4050
2025-05-22 06:46:00,379.6,381.6,378.05,379.25,1275
2025-05-22 06:47:00,379.25,383.85,377.7,382.25,900
2025-05-22 06:48:00,385.0,390.6,383.3,386.15,3375
2025-05-22 06:49:00,390.15,392.4,387.0,392.4,2100
2025-05-22 06:50:00,390.55,394.0,387.0,387.0,12900
2025-05-22 06:51:00,387.0,389.9,384.55,389.9,6525
2025-05-22 06:52:00,389.9,391.35,389.45,391.35,825
2025-05-22 06:53:00,391.35,394.0,390.0,390.0,1200
2025-05-22 06:54:00,390.0,399.95,390.0,392.85,8175
2025-05-22 06:55:00,392.85,397.8,392.85,394.0,1800
2025-05-22 06:56:00,394.0,394.85,392.9,394.1,1575
2025-05-22 06:57:00,395.45,400.0,395.45,396.75,9600
2025-05-22 06:58:00,396.75,399.0,390.0,395.0,750
2025-05-22 06:59:00,394.25,397.25,394.2,395.8,5250
2025-05-22 07:00:00,396.95,396.95,386.8,386.8,3150
2025-05-22 07:01:00,386.8,390.15,383.8,385.0,3300
2025-05-22 07:02:00,384.0,387.15,382.0,387.15,3225
2025-05-22 07:03:00,387.15,393.85,387.15,393.85,2475
2025-05-22 07:04:00,395.35,395.45,390.1,391.25,2175
2025-05-22 07:05:00,392.85,392.85,387.25,387.4,3225
2025-05-22 07:06:00,388.35,389.4,386.1,387.55,2925
2025-05-22 07:07:00,386.3,387.85,384.95,387.7,1125
2025-05-22 07:08:00,388.25,391.1,386.15,386.15,1950
2025-05-22 07:09:00,386.15,388.0,386.15,388.0,375
2025-05-22 07:10:00,388.0,388.3,385.0,388.3,2550
2025-05-22 07:11:00,393.1,393.1,386.9,387.95,3000
2025-05-22 07:12:00,387.95,390.85,387.95,390.85,1725
2025-05-22 07:13:00,390.85,390.85,389.05,389.7,150
2025-05-22 07:14:00,389.7,390.85,389.7,390.25,600
2025-05-22 07:15:00,391.3,395.15,391.3,395.15,4725
2025-05-22 07:16:00,395.15,408.25,395.15,401.85,5325
2025-05-22 07:17:00,401.05,402.45,401.05,402.0,825
2025-05-22 07:18:00,403.75,411.6,402.8,405.5,11325
2025-05-22 07:19:00,409.1,422.0,408.2,418.9,9450
2025-05-22 07:20:00,421.2,421.2,411.35,414.25,3975
2025-05-22 07:21:00,415.45,419.8,414.3,414.3,3900
2025-05-22 07:22:00,415.15,422.4,414.85,421.55,3975
2025-05-22 07:23:00,424.05,429.2,421.5,425.0,6150
2025-05-22 07:24:00,428.0,430.0,423.3,427.7,2025
2025-05-22 07:25:00,427.95,428.6,420.0,425.2,5625
2025-05-22 07:26:00,425.2,425.4,423.3,423.3,4800
2025-05-22 07:27:00,426.15,426.15,416.0,417.75,4800
2025-05-22 07:28:00,417.75,420.3,416.4,416.7,4800
2025-05-22 07:29:00,416.8,416.8,409.25,413.4,7650
2025-05-22 07:30:00,414.0,415.25,412.35,413.1,1950
2025-05-22 07:31:00,413.1,414.0,410.15,412.0,1350
2025-05-22 07:32:00,412.0,416.0,410.8,416.0,1725
2025-05-22 07:33:00,416.0,419.0,415.25,418.6,825
2025-05-22 07:34:00,418.6,419.0,413.0,414.0,525
2025-05-22 07:35:00,415.0,423.0,415.0,422.6,600
2025-05-22 07:36:00,421.05,421.4,418.0,421.4,1950
2025-05-22 07:37:00,420.0,422.5,418.5,421.75,5400
2025-05-22 07:38:00,421.25,421.25,416.45,417.55,3450
2025-05-22 07:39:00,417.0,422.0,416.85,420.0,4500
2025-05-22 07:40:00,421.25,421.25,416.25,416.25,2775
2025-05-22 07:41:00,416.25,418.45,416.25,418.0,750
2025-05-22 07:42:00,416.15,416.15,402.55,408.5,3000
2025-05-22 07:43:00,407.8,409.2,399.6,401.5,2775
2025-05-22 07:44:00,401.5,403.6,389.25,401.7,11325
2025-05-22 07:45:00,401.7,401.7,397.45,399.2,1275
2025-05-22 07:46:00,392.3,399.0,392.3,399.0,2850
2025-05-22 07:47:00,403.05,409.7,402.8,405.2,1575
2025-05-22 07:48:00,403.1,404.55,403.1,404.55,975
2025-05-22 07:49:00,404.55,405.4,404.55,405.35,675
2025-05-22 07:50:00,405.35,405.65,403.4,403.4,2700
2025-05-22 07:51:00,404.2,405.0,397.6,397.6,6150
2025-05-22 07:52:00,395.6,396.1,393.0,395.0,5700
2025-05-22 07:53:00,398.4,398.4,390.0,391.35,4500
2025-05-22 07:54:00,391.25,394.9,391.25,394.6,2100
2025-05-22 07:55:00,393.85,397.9,393.85,397.9,975
2025-05-22 07:56:00,397.9,400.85,395.45,400.85,3150
2025-05-22 07:57:00,400.85,400.85,397.0,397.95,1575
2025-05-22 07:58:00,396.6,396.6,394.3,396.4,1500
2025-05-22 07:59:00,398.7,398.7,393.9,393.9,750
2025-05-22 08:00:00,393.9,393.9,387.2,390.15,3600
2025-05-22 08:01:00,389.7,398.7,389.4,397.65,3150
2025-05-22 08:02:00,397.15,399.15,395.85,395.85,2175
2025-05-22 08:03:00,395.85,397.7,393.65,397.7,1425
2025-05-22 08:04:00,397.7,401.05,395.95,396.9,3900
2025-05-22 08:05:00,395.95,399.0,395.95,397.4,1800
2025-05-22 08:06:00,398.5,402.65,397.65,397.95,2475
2025-05-22 08:07:00,398.7,400.0,398.7,398.8,600
2025-05-22 08:08:00,398.8,398.85,397.65,397.65,450
2025-05-22 08:09:00,397.65,405.45,397.65,405.45,2700
2025-05-22 08:10:00,405.45,409.8,404.2,408.65,2850
2025-05-22 08:11:00,411.2,413.0,410.3,410.3,1650
2025-05-22 08:12:00,411.35,416.75,410.45,416.35,750
2025-05-22 08:13:00,416.35,416.35,412.95,414.2,1275
2025-05-22 08:14:00,416.0,417.3,411.45,411.45,1500
2025-05-22 08:15:00,413.6,414.5,410.0,413.0,2325
2025-05-22 08:16:00,413.0,413.0,409.0,410.0,2175
2025-05-22 08:17:00,411.9,411.9,408.0,409.0,1650
2025-05-22 08:18:00,408.9,408.9,405.45,406.5,2175
2025-05-22 08:19:00,406.5,409.8,404.2,409.8,1950
2025-05-22 08:20:00,410.85,412.4,409.65,409.65,825
2025-05-22 08:21:00,411.8,416.95,409.5,415.6,5925
2025-05-22 08:22:00,415.1,415.4,414.4,414.65,2025
2025-05-22 08:23:00,413.65,413.65,412.0,412.1,6825
2025-05-22 08:24:00,412.1,417.0,412.1,414.8,1950
2025-05-22 08:25:00,413.35,415.0,409.7,411.0,5175
2025-05-22 08:26:00,409.65,412.6,409.55,411.0,1050
2025-05-22 08:27:00,411.0,412.45,411.0,412.45,1800
2025-05-22 08:28:00,412.45,412.45,409.55,411.9,975
2025-05-22 08:29:00,412.8,413.8,410.35,410.35,4125
2025-05-22 08:30:00,409.55,411.75,408.95,411.75,4125
2025-05-22 08:31:00,411.75,413.95,409.85,409.95,4350
2025-05-22 08:32:00,409.95,409.95,401.65,405.0,6225
2025-05-22 08:33:00,405.0,405.15,399.5,399.5,6075
2025-05-22 08:34:00,399.0,401.8,398.7,401.8,1050
2025-05-22 08:35:00,401.0,408.0,401.0,408.0,1125
2025-05-22 08:36:00,408.0,409.2,408.0,409.2,75
2025-05-22 08:37:00,409.2,413.0,409.2,412.25,375
2025-05-22 08:38:00,410.6,413.5,410.6,413.5,975
2025-05-22 08:39:00,413.5,415.2,411.8,415.2,1125
2025-05-22 08:40:00,415.2,415.2,412.7,412.7,1050
2025-05-22 08:41:00,412.7,412.7,410.0,411.45,600
2025-05-22 08:42:00,411.45,411.45,408.85,408.85,150
2025-05-22 08:43:00,408.85,409.3,407.0,409.3,600
2025-05-22 08:44:00,409.3,409.3,406.55,406.55,675
2025-05-22 08:45:00,406.55,415.85,406.55,414.5,3675
2025-05-22 08:46:00,414.5,424.0,414.5,421.55,3225
2025-05-22 08:47:00,418.5,427.55,418.5,427.55,3375
2025-05-22 08:48:00,429.0,429.95,422.85,426.7,2925
2025-05-22 08:49:00,426.7,442.2,425.05,436.5,8850
2025-05-22 08:50:00,437.25,444.85,427.45,430.25,11700
2025-05-22 08:51:00,430.35,437.8,429.1,437.1,5850
2025-05-22 08:52:00,439.9,439.9,433.7,436.1,6750
2025-05-22 08:53:00,436.1,438.1,431.85,431.85,3750
2025-05-22 08:54:00,433.05,445.0,433.05,440.6,6450
2025-05-22 08:55:00,440.6,441.75,436.35,441.75,9450
2025-05-22 08:56:00,440.3,442.25,438.65,439.8,3150
2025-05-22 08:57:00,439.8,442.15,432.35,432.35,3000
2025-05-22 08:58:00,431.35,435.55,431.35,435.55,2550
2025-05-22 08:59:00,434.15,434.65,430.2,430.55,2100
2025-05-22 09:00:00,430.55,437.0,430.55,435.3,9525
2025-05-22 09:01:00,435.3,437.3,428.15,430.3,3600
2025-05-22 09:02:00,435.5,443.0,435.25,441.65,2100
2025-05-22 09:03:00,442.6,446.85,442.6,444.25,6375
2025-05-22 09:04:00,444.25,444.35,440.0,440.0,2325
2025-05-22 09:05:00,440.0,443.95,439.8,443.1,2100
2025-05-22 09:06:00,443.7,457.5,443.7,452.0,14775
2025-05-22 09:07:00,452.0,454.2,445.9,446.45,2100
2025-05-22 09:08:00,444.4,445.75,438.4,438.4,1575
2025-05-22 09:09:00,438.0,439.15,423.7,427.8,4875
2025-05-22 09:10:00,422.95,422.95,384.1,384.8,11775
2025-05-22 09:11:00,384.8,408.5,373.1,394.05,10050
2025-05-22 09:12:00,394.05,406.0,392.25,406.0,1800
2025-05-22 09:13:00,407.0,410.95,386.4,390.8,8325
2025-05-22 09:14:00,383.9,397.2,383.9,389.75,3900
2025-05-22 09:15:00,389.3,401.45,389.3,401.15,7125
2025-05-22 09:16:00,402.05,413.25,400.9,413.25,4650
2025-05-22 09:17:00,412.15,414.0,406.0,408.3,1050
2025-05-22 09:18:00,405.0,405.0,396.35,400.5,1725
2025-05-22 09:19:00,400.5,400.5,372.9,378.2,6225
2025-05-22 09:20:00,378.2,385.3,376.15,381.85,5475
2025-05-22 09:21:00,381.85,388.3,378.6,381.45,6300
2025-05-22 09:22:00,381.25,382.0,376.85,380.0,4425
2025-05-22 09:23:00,385.0,385.8,377.4,381.65,4650
2025-05-22 09:24:00,381.65,381.65,377.0,377.15,2925
2025-05-22 09:25:00,376.45,378.4,354.2,357.2,13575
2025-05-22 09:26:00,358.8,360.55,348.0,357.35,15150
2025-05-22 09:27:00,356.8,356.8,342.5,343.55,20850
2025-05-22 09:28:00,342.55,344.55,337.0,341.7,12825
2025-05-22 09:29:00,341.0,359.0,333.1,354.55,25950
2025-05-22 09:30:00,353.05,364.0,352.45,354.55,13500
2025-05-22 09:31:00,356.0,357.3,349.4,356.2,8325
2025-05-22 09:32:00,355.1,361.4,347.95,348.7,6075
2025-05-22 09:33:00,348.45,359.0,345.75,357.0,5100
2025-05-22 09:34:00,357.1,359.1,352.5,359.0,8850
2025-05-22 09:35:00,359.0,359.0,353.85,357.5,1575
2025-05-22 09:36:00,358.5,358.5,353.8,357.65,2025
2025-05-22 09:37:00,357.65,357.65,351.2,353.25,3600
2025-05-22 09:38:00,353.25,353.25,349.85,349.85,3075
2025-05-22 09:39:00,349.85,349.85,342.05,343.6,6900
2025-05-22 09:40:00,345.0,355.0,343.75,351.5,6000
2025-05-22 09:41:00,351.5,352.8,350.55,352.45,3525
2025-05-22 09:42:00,352.45,356.8,352.45,353.35,5025
2025-05-22 09:43:00,353.05,353.4,350.9,352.75,2025
2025-05-22 09:44:00,352.35,356.85,352.35,354.65,4500
2025-05-22 09:45:00,354.75,356.7,350.65,351.4,6825
2025-05-22 09:46:00,351.4,352.85,347.25,348.15,3900
2025-05-22 09:47:00,347.5,351.4,347.5,351.25,9600
2025-05-22 09:48:00,351.25,357.3,351.25,352.1,13350
2025-05-22 09:49:00,351.5,352.5,349.0,351.25,14025
2025-05-22 09:50:00,351.35,356.35,351.35,354.8,8475
2025-05-22 09:51:00,354.8,356.0,349.7,349.7,10275
2025-05-22 09:52:00,350.8,351.65,347.45,347.9,7425
2025-05-22 09:53:00,347.35,347.85,344.75,344.95,5850
2025-05-22 09:54:00,345.0,346.0,338.3,338.75,9825
2025-05-22 09:55:00,339.0,339.0,332.65,333.35,31425
2025-05-22 09:56:00,333.3,334.5,327.0,331.1,63000
2025-05-22 09:57:00,331.1,337.05,331.05,335.1,11400
2025-05-22 09:58:00,334.5,335.6,333.0,334.75,12600
2025-05-22 09:59:00,334.6,339.25,333.25,333.25,7800
2025-05-23 03:45:00,347.8,347.8,315.05,326.4,48375
2025-05-23 03:46:00,326.4,347.35,326.3,337.05,46350
2025-05-23 03:47:00,336.8,345.6,331.35,343.75,26550
2025-05-23 03:48:00,346.6,357.4,339.1,353.8,93225
2025-05-23 03:49:00,353.6,354.0,344.1,346.5,30300
2025-05-23 03:50:00,348.3,348.3,310.5,320.6,126300
2025-05-23 03:51:00,320.6,320.6,291.85,293.4,77250
2025-05-23 03:52:00,292.0,300.0,289.25,292.85,51900
2025-05-23 03:53:00,292.0,294.0,284.6,287.5,40350
2025-05-23 03:54:00,287.5,300.8,277.8,280.8,69825
2025-05-23 03:55:00,280.8,289.4,279.7,283.0,67125
2025-05-23 03:56:00,283.0,290.65,274.5,276.9,40950
2025-05-23 03:57:00,276.9,280.7,272.15,273.2,64875
2025-05-23 03:58:00,273.2,280.3,269.0,275.1,52275
2025-05-23 03:59:00,274.6,285.0,274.6,283.75,61575
2025-05-23 04:00:00,283.95,298.15,283.5,293.5,73500
2025-05-23 04:01:00,293.55,294.05,280.8,283.25,42750
2025-05-23 04:02:00,283.25,284.4,272.35,278.05,90075
2025-05-23 04:03:00,277.85,280.35,273.3,276.05,26100
2025-05-23 04:04:00,275.0,275.1,258.5,261.55,80775
2025-05-23 04:05:00,261.55,266.55,255.0,256.65,93675
2025-05-23 04:06:00,258.0,265.0,251.45,253.35,81675
2025-05-23 04:07:00,253.15,255.7,251.0,251.25,39075
2025-05-23 04:08:00,252.0,252.0,246.85,247.0,43650
2025-05-23 04:09:00,247.45,259.35,246.25,257.2,107925
2025-05-23 04:10:00,257.2,258.75,253.05,257.25,41475
2025-05-23 04:11:00,257.0,261.3,253.2,258.15,36825
2025-05-23 04:12:00,257.45,259.4,252.2,253.25,43125
2025-05-23 04:13:00,253.25,255.9,240.1,243.95,83475
2025-05-23 04:14:00,243.7,245.5,236.9,241.15,131700
2025-05-23 04:15:00,240.3,251.1,236.7,248.1,123525
2025-05-23 04:16:00,247.45,248.55,241.35,241.5,50025
2025-05-23 04:17:00,241.95,242.25,231.7,237.9,98775
2025-05-23 04:18:00,237.25,237.85,231.75,236.7,146550
2025-05-23 04:19:00,237.45,242.75,235.0,240.15,77400
2025-05-23 04:20:00,240.45,241.55,236.25,237.7,42450
2025-05-23 04:21:00,239.2,249.0,237.0,244.5,122850
2025-05-23 04:22:00,244.8,246.7,236.05,236.65,84450
2025-05-23 04:23:00,237.55,238.45,227.75,230.2,92175
2025-05-23 04:24:00,231.4,231.4,226.9,229.25,178800
2025-05-23 04:25:00,229.45,236.8,229.05,234.8,87225
2025-05-23 04:26:00,234.0,238.65,231.2,235.4,62250
2025-05-23 04:27:00,235.4,239.95,234.45,239.0,50475
2025-05-23 04:28:00,237.75,242.0,234.6,240.85,68550
2025-05-23 04:29:00,241.1,241.85,232.4,233.6,76275
2025-05-23 04:30:00,233.15,243.55,231.7,242.0,80775
2025-05-23 04:31:00,241.35,241.6,234.7,237.8,60675
2025-05-23 04:32:00,237.8,242.35,236.0,238.75,45600
2025-05-23 04:33:00,238.75,238.9,222.0,224.4,224625
2025-05-23 04:34:00,223.95,233.35,223.35,233.35,95850
2025-05-23 04:35:00,233.35,235.0,229.6,230.15,90000
2025-05-23 04:36:00,230.45,236.1,229.65,232.9,90900
2025-05-23 04:37:00,233.2,235.9,230.05,233.9,64125
2025-05-23 04:38:00,234.6,235.55,230.6,232.25,47700
2025-05-23 04:39:00,232.5,236.65,226.5,227.15,76200
2025-05-23 04:40:00,226.55,230.6,224.6,226.25,134175
2025-05-23 04:41:00,225.85,229.0,225.3,227.1,84375
2025-05-23 04:42:00,227.0,231.2,226.65,230.25,87825
2025-05-23 04:43:00,231.0,237.25,229.9,233.55,146625
2025-05-23 04:44:00,234.0,235.0,227.25,227.25,83775
2025-05-23 04:45:00,228.15,236.85,227.0,236.75,119100
2025-05-23 04:46:00,236.0,242.8,235.75,238.05,258450
2025-05-23 04:47:00,237.75,238.45,233.4,235.4,87225
2025-05-23 04:48:00,235.55,238.9,234.05,235.2,65850
2025-05-23 04:49:00,235.1,242.95,234.5,242.15,92925
2025-05-23 04:50:00,242.5,250.5,242.5,250.0,243750
2025-05-23 04:51:00,249.0,249.85,238.4,243.45,150750
2025-05-23 04:52:00,243.75,246.75,241.45,242.9,77400
2025-05-23 04:53:00,242.8,247.5,241.05,247.0,63975
2025-05-23 04:54:00,245.65,250.65,245.65,248.7,112275
2025-05-23 04:55:00,248.9,249.0,238.3,239.55,183300
2025-05-23 04:56:00,240.1,248.05,239.0,247.25,79800
2025-05-23 04:57:00,247.7,254.0,246.5,252.8,99675
2025-05-23 04:58:00,253.55,255.0,250.9,252.7,153300
2025-05-23 04:59:00,252.8,255.7,245.35,252.8,106125
2025-05-23 05:00:00,252.65,255.25,246.2,246.2,100050
2025-05-23 05:01:00,247.1,256.3,246.65,255.05,102750
2025-05-23 05:02:00,254.6,255.8,250.55,255.3,52950
2025-05-23 05:03:00,255.9,264.1,253.8,258.0,251400
2025-05-23 05:04:00,258.0,264.7,256.55,263.0,98025
2025-05-23 05:05:00,263.75,265.4,260.45,261.5,141375
2025-05-23 05:06:00,261.8,262.9,251.35,252.5,99375
2025-05-23 05:07:00,252.5,252.5,237.6,240.0,202650
2025-05-23 05:08:00,240.0,244.6,239.65,241.6,124275
2025-05-23 05:09:00,242.25,242.5,239.15,240.6,72975
2025-05-23 05:10:00,240.8,243.2,229.1,232.1,183000
2025-05-23 05:11:00,231.9,236.0,231.3,233.4,117525
2025-05-23 05:12:00,233.1,234.95,230.85,233.35,68775
2025-05-23 05:13:00,232.6,234.6,230.15,231.6,50850
2025-05-23 05:14:00,230.75,232.5,220.2,225.9,134400
2025-05-23 05:15:00,225.35,229.0,223.2,223.2,105000
2025-05-23 05:16:00,223.1,226.15,211.9,213.35,271275
2025-05-23 05:17:00,213.2,213.7,203.0,203.6,351525
2025-05-23 05:18:00,203.25,204.4,199.0,199.1,441675
2025-05-23 05:19:00,199.1,199.75,193.2,193.65,493875
2025-05-23 05:20:00,194.85,196.0,186.6,190.35,739275
2025-05-23 05:21:00,190.35,194.6,190.2,191.05,450450
2025-05-23 05:22:00,191.25,195.45,190.95,194.5,388050
2025-05-23 05:23:00,195.25,196.0,193.25,194.45,298575
2025-05-23 05:24:00,194.8,196.2,192.3,195.5,243300
2025-05-23 05:25:00,196.0,196.0,191.4,191.8,285300
2025-05-23 05:26:00,191.9,192.3,186.0,190.0,561600
2025-05-23 05:27:00,190.0,191.8,187.3,190.25,332325
2025-05-23 05:28:00,190.1,191.8,189.25,189.65,273000
2025-05-23 05:29:00,190.0,197.05,189.7,193.4,490200
2025-05-23 05:30:00,193.1,196.7,191.4,194.5,331200
2025-05-23 05:31:00,194.3,196.95,194.1,195.2,231450
2025-05-23 05:32:00,195.0,197.8,194.2,195.25,321450
2025-05-23 05:33:00,196.0,198.6,195.6,197.5,265725
2025-05-23 05:34:00,198.0,199.5,196.4,197.45,314925
2025-05-23 05:35:00,197.35,201.35,196.3,200.4,319875
2025-05-23 05:36:00,201.25,203.65,196.4,197.0,587925
2025-05-23 05:37:00,197.2,199.8,196.1,198.2,314175
2025-05-23 05:38:00,198.2,203.3,196.95,202.8,283275
2025-05-23 05:39:00,203.0,203.7,199.0,199.85,271500
2025-05-23 05:40:00,199.9,203.0,196.6,202.25,317025
2025-05-23 05:41:00,202.6,204.0,199.7,201.0,273525
2025-05-23 05:42:00,201.0,203.35,195.8,196.3,431700
2025-05-23 05:43:00,197.45,200.4,196.15,197.85,278625
2025-05-23 05:44:00,197.6,201.6,197.6,198.8,225300
2025-05-23 05:45:00,198.9,200.85,197.7,199.65,211800
2025-05-23 05:46:00,198.4,203.9,198.4,200.75,328650
2025-05-23 05:47:00,200.7,205.5,199.2,205.1,314475
2025-05-23 05:48:00,204.05,206.6,203.3,204.8,435675
2025-05-23 05:49:00,205.0,208.5,204.6,206.4,415875
2025-05-23 05:50:00,205.8,209.45,203.5,209.15,402075
2025-05-23 05:51:00,209.75,210.35,206.55,209.95,585300
2025-05-23 05:52:00,210.3,211.0,206.9,207.0,289500
2025-05-23 05:53:00,206.85,211.6,201.65,209.4,544650
2025-05-23 05:54:00,210.0,211.7,208.55,211.2,229125
2025-05-23 05:55:00,211.5,212.0,209.1,211.95,211050
2025-05-23 05:56:00,211.5,213.75,208.6,208.8,405675
2025-05-23 05:57:00,207.15,211.6,205.4,207.4,327975
2025-05-23 05:58:00,207.0,207.7,199.15,200.9,529650
2025-05-23 05:59:00,200.75,205.0,200.75,201.8,211500
2025-05-23 06:00:00,202.15,205.65,194.1,196.05,432075
2025-05-23 06:01:00,195.65,201.95,195.65,200.7,321600
2025-05-23 06:02:00,200.3,202.0,198.1,201.0,206175
2025-05-23 06:03:00,201.0,201.25,198.25,199.3,176775
2025-05-23 06:04:00,199.35,202.55,197.25,199.55,229575
2025-05-23 06:05:00,199.75,202.55,199.0,201.65,175725
2025-05-23 06:06:00,201.95,203.5,199.5,203.0,262575
2025-05-23 06:07:00,203.3,204.5,200.75,202.1,311475
2025-05-23 06:08:00,202.15,204.2,201.05,201.65,186225
2025-05-23 06:09:00,202.15,206.0,200.95,205.65,199725
2025-05-23 06:10:00,205.7,207.45,204.65,206.2,316725
2025-05-23 06:11:00,206.35,209.0,206.2,207.15,197850
2025-05-23 06:12:00,206.65,208.5,204.85,208.15,205575
2025-05-23 06:13:00,208.55,211.5,208.0,209.85,308850
2025-05-23 06:14:00,210.0,210.45,207.05,208.0,185250
2025-05-23 06:15:00,207.95,215.8,206.8,215.35,378750
2025-05-23 06:16:00,214.9,217.0,213.35,213.8,456375
2025-05-23 06:17:00,213.6,215.7,211.7,215.2,243900
2025-05-23 06:18:00,215.35,227.0,214.3,226.85,630750
2025-05-23 06:19:00,226.6,249.3,226.6,249.2,1159425
2025-05-23 06:20:00,249.2,249.2,232.4,239.4,1115550
2025-05-23 06:21:00,237.95,240.1,229.2,234.3,547950
2025-05-23 06:22:00,234.5,239.1,234.2,234.4,236175
2025-05-23 06:23:00,234.35,237.05,225.8,229.55,285900
2025-05-23 06:24:00,229.45,234.25,228.05,228.5,184950
2025-05-23 06:25:00,228.3,234.8,227.1,233.5,180750
2025-05-23 06:26:00,233.15,233.95,222.35,226.15,279675
2025-05-23 06:27:00,226.1,236.55,225.6,236.4,228675
2025-05-23 06:28:00,234.5,235.5,229.35,230.45,198150
2025-05-23 06:29:00,230.2,231.7,222.9,229.5,171600
2025-05-23 06:30:00,229.5,229.8,223.6,224.0,126450
2025-05-23 06:31:00,224.55,229.3,222.75,222.75,133500
2025-05-23 06:32:00,223.25,227.5,221.9,227.0,125175
2025-05-23 06:33:00,227.0,231.85,225.3,229.45,137475
2025-05-23 06:34:00,229.45,229.45,223.1,224.85,86475
2025-05-23 06:35:00,225.3,227.75,223.0,226.75,70575
2025-05-23 06:36:00,226.4,226.4,219.4,224.95,176625
2025-05-23 06:37:00,224.8,225.9,220.35,223.15,89250
2025-05-23 06:38:00,223.4,223.6,217.2,217.75,138000
2025-05-23 06:39:00,217.45,222.0,215.75,221.8,157950
2025-05-23 06:40:00,222.05,226.25,221.8,225.6,225525
2025-05-23 06:41:00,225.75,225.75,219.9,223.0,172125
2025-05-23 06:42:00,223.6,236.0,223.25,235.2,304275
2025-05-23 06:43:00,235.85,236.05,229.8,230.65,260700
2025-05-23 06:44:00,230.7,231.25,227.1,230.85,124200
2025-05-23 06:45:00,230.75,231.35,226.2,231.35,120600
2025-05-23 06:46:00,230.95,233.3,228.05,232.25,119325
2025-05-23 06:47:00,232.75,233.4,225.3,227.3,137550
2025-05-23 06:48:00,227.65,227.65,221.3,222.15,176025
2025-05-23 06:49:00,221.95,226.15,221.8,223.1,104250
2025-05-23 06:50:00,222.95,223.5,218.5,221.55,195375
2025-05-23 06:51:00,221.75,223.7,220.3,223.5,72525
2025-05-23 06:52:00,223.65,223.65,212.5,218.6,244050
2025-05-23 06:53:00,220.85,220.85,214.1,214.95,138750
2025-05-23 06:54:00,214.25,215.15,203.5,206.25,435825
2025-05-23 06:55:00,205.9,212.45,205.75,211.6,216150
2025-05-23 06:56:00,211.75,211.95,208.55,210.35,148875
2025-05-23 06:57:00,210.35,210.35,207.0,208.5,202050
2025-05-23 06:58:00,209.2,212.5,206.1,211.4,141300
2025-05-23 06:59:00,210.65,211.5,204.3,204.9,234525
2025-05-23 07:00:00,204.15,207.6,203.85,204.1,226800
2025-05-23 07:01:00,204.45,204.65,201.25,202.8,224025
2025-05-23 07:02:00,202.4,202.5,197.1,199.4,365850
2025-05-23 07:03:00,199.25,202.85,198.45,201.15,209700
2025-05-23 07:04:00,201.1,202.2,199.05,199.05,174825
2025-05-23 07:05:00,199.0,200.85,195.2,195.75,332175
2025-05-23 07:06:00,196.7,199.35,193.95,199.35,370275
2025-05-23 07:07:00,199.0,200.5,197.3,197.5,270675
2025-05-23 07:08:00,196.95,199.8,195.4,199.8,185250
2025-05-23 07:09:00,200.0,204.0,198.7,203.3,357600
2025-05-23 07:10:00,203.75,203.75,200.85,202.5,276900
2025-05-23 07:11:00,202.55,204.1,201.0,202.6,207900
2025-05-23 07:12:00,202.7,203.0,200.0,200.9,154500
2025-05-23 07:13:00,200.7,202.95,200.7,201.95,102375
2025-05-23 07:14:00,202.3,210.0,202.0,208.0,426825
2025-05-23 07:15:00,208.8,209.05,202.95,205.3,335475
2025-05-23 07:16:00,205.1,207.35,205.0,206.0,188400
2025-05-23 07:17:00,205.5,206.0,203.15,204.65,143175
2025-05-23 07:18:00,204.95,206.45,202.4,203.65,182250
2025-05-23 07:19:00,202.75,203.65,201.15,203.3,156075
2025-05-23 07:20:00,203.1,205.0,202.05,202.05,165075
2025-05-23 07:21:00,202.0,203.95,197.9,203.95,365700
2025-05-23 07:22:00,204.0,206.0,202.1,202.9,227250
2025-05-23 07:23:00,202.35,204.0,200.3,201.15,98550
2025-05-23 07:24:00,201.15,203.0,200.1,201.5,76200
2025-05-23 07:25:00,202.0,203.5,201.05,201.9,96675
2025-05-23 07:26:00,201.65,202.2,198.6,200.4,157275
2025-05-23 07:27:00,200.3,203.0,200.0,202.25,85875
2025-05-23 07:28:00,202.5,204.85,201.2,204.35,154275
2025-05-23 07:29:00,204.3,206.95,202.6,205.95,139125
2025-05-23 07:30:00,205.5,208.35,204.6,204.95,239175
2025-05-23 07:31:00,205.05,207.65,201.8,202.15,186150
2025-05-23 07:32:00,202.4,204.45,200.4,200.5,140775
2025-05-23 07:33:00,200.9,201.1,198.0,200.15,223800
2025-05-23 07:34:00,200.7,203.15,200.3,203.15,90600
2025-05-23 07:35:00,202.4,203.65,196.15,197.3,221175
2025-05-23 07:36:00,197.3,201.0,194.25,198.85,333825
2025-05-23 07:37:00,199.45,200.55,197.8,198.4,146475
2025-05-23 07:38:00,198.3,199.75,196.95,197.3,119925
2025-05-23 07:39:00,197.25,199.45,196.55,198.5,131850
2025-05-23 07:40:00,199.3,203.0,198.15,201.7,255300
2025-05-23 07:41:00,202.15,203.4,200.1,202.3,183750
2025-05-23 07:42:00,201.9,202.7,200.6,201.7,105225
2025-05-23 07:43:00,201.75,204.95,201.25,203.8,183300
2025-05-23 07:44:00,203.85,205.75,202.4,203.5,257850
2025-05-23 07:45:00,203.05,203.5,199.65,202.3,217425
2025-05-23 07:46:00,202.4,207.9,202.2,207.9,223800
2025-05-23 07:47:00,207.75,207.85,201.85,201.85,305550
2025-05-23 07:48:00,201.95,202.85,200.7,202.45,155475
2025-05-23 07:49:00,202.5,203.55,199.4,202.95,188925
2025-05-23 07:50:00,202.95,202.95,200.4,201.6,79950
2025-05-23 07:51:00,201.15,202.7,199.15,201.3,96225
2025-05-23 07:52:00,201.0,202.95,199.15,199.15,78150
2025-05-23 07:53:00,199.7,200.25,197.3,197.4,176475
2025-05-23 07:54:00,197.05,200.0,197.05,198.9,124350
2025-05-23 07:55:00,199.2,201.6,198.4,199.4,91950
2025-05-23 07:56:00,199.9,201.5,199.4,201.5,74475
2025-05-23 07:57:00,202.25,202.7,200.0,201.0,107925
2025-05-23 07:58:00,200.9,204.4,198.85,204.4,193800
2025-05-23 07:59:00,204.55,205.8,203.5,205.15,229350
2025-05-23 08:00:00,204.95,205.65,201.4,201.7,155325
2025-05-23 08:01:00,201.9,205.65,201.25,204.9,114075
2025-05-23 08:02:00,205.5,207.5,204.45,206.85,213675
2025-05-23 08:03:00,206.8,212.2,206.0,206.0,589200
2025-05-23 08:04:00,206.15,209.0,203.0,204.3,227175
2025-05-23 08:05:00,204.85,211.0,204.1,209.95,309675
2025-05-23 08:06:00,209.8,210.0,206.9,208.5,235950
2025-05-23 08:07:00,208.0,208.2,203.75,205.15,200625
2025-05-23 08:08:00,204.8,205.75,200.7,202.25,211650
2025-05-23 08:09:00,202.4,208.0,201.95,206.0,202425
2025-05-23 08:10:00,206.7,208.65,204.0,204.8,187500
2025-05-23 08:11:00,205.0,210.5,204.25,209.3,266025
2025-05-23 08:12:00,209.25,216.6,207.6,214.3,659625
2025-05-23 08:13:00,216.7,223.8,215.6,222.8,933750
2025-05-23 08:14:00,222.15,222.15,215.75,218.9,538500
2025-05-23 08:15:00,219.05,224.9,217.0,222.95,486600
2025-05-23 08:16:00,223.0,228.6,221.4,225.45,574575
2025-05-23 08:17:00,224.95,226.65,215.7,215.75,476325
2025-05-23 08:18:00,215.65,218.05,210.15,212.65,468150
2025-05-23 08:19:00,212.75,220.9,212.7,217.7,325425
2025-05-23 08:20:00,219.15,220.05,216.0,216.75,198000
2025-05-23 08:21:00,217.0,218.75,212.55,212.55,207750
2025-05-23 08:22:00,212.75,214.95,210.7,212.5,227700
2025-05-23 08:23:00,212.85,212.85,196.05,205.15,747600
2025-05-23 08:24:00,205.35,208.25,203.0,207.4,228600
2025-05-23 08:25:00,207.8,211.85,205.95,210.1,273750
2025-05-23 08:26:00,210.05,210.7,202.4,203.5,251625
2025-05-23 08:27:00,203.2,203.3,199.1,199.4,335925
2025-05-23 08:28:00,198.6,203.25,198.4,199.9,180150
2025-05-23 08:29:00,200.25,200.45,195.05,199.1,340650
2025-05-23 08:30:00,199.0,199.15,191.2,191.6,420000
2025-05-23 08:31:00,192.4,196.25,190.85,195.85,278850
2025-05-23 08:32:00,195.9,196.0,192.6,194.6,198975
2025-05-23 08:33:00,194.4,199.8,193.15,197.75,263100
2025-05-23 08:34:00,197.8,199.25,196.15,197.5,177825
2025-05-23 08:35:00,197.9,198.35,195.15,196.25,167625
2025-05-23 08:36:00,196.2,199.75,195.5,197.0,244050
2025-05-23 08:37:00,197.05,199.1,192.8,194.0,279075
2025-05-23 08:38:00,193.5,196.0,193.1,195.0,131250
2025-05-23 08:39:00,195.1,197.8,194.5,196.7,171525
2025-05-23 08:40:00,197.1,199.1,195.5,197.8,145050
2025-05-23 08:41:00,197.75,200.85,194.6,195.2,274425
2025-05-23 08:42:00,194.9,199.8,194.9,198.0,219300
2025-05-23 08:43:00,198.6,205.8,198.6,205.4,528075
2025-05-23 08:44:00,205.0,206.9,200.5,200.5,336300
2025-05-23 08:45:00,200.8,204.75,198.95,202.5,285075
2025-05-23 08:46:00,202.2,205.65,201.85,203.7,235425
2025-05-23 08:47:00,203.85,209.8,203.4,206.7,430275
2025-05-23 08:48:00,206.7,209.0,200.55,200.55,301875
2025-05-23 08:49:00,200.65,201.2,197.0,197.6,337800
2025-05-23 08:50:00,197.65,202.35,196.3,201.7,218700
2025-05-23 08:51:00,201.7,201.7,195.0,195.0,229500
2025-05-23 08:52:00,195.05,201.0,195.05,201.0,212775
2025-05-23 08:53:00,201.0,204.65,200.0,201.9,249225
2025-05-23 08:54:00,201.9,202.0,196.4,196.4,189450
2025-05-23 08:55:00,196.7,198.95,196.1,196.8,139875
2025-05-23 08:56:00,197.0,197.85,189.85,192.0,524475
2025-05-23 08:57:00,192.2,194.7,190.6,190.6,205575
2025-05-23 08:58:00,191.35,194.0,190.0,193.45,209100
2025-05-23 08:59:00,193.25,196.3,192.35,195.8,201450
2025-05-23 09:00:00,195.85,200.8,195.85,198.6,315300
2025-05-23 09:01:00,198.6,201.1,197.2,198.6,201450
2025-05-23 09:02:00,198.8,199.3,196.35,196.6,149250
2025-05-23 09:03:00,196.7,204.6,196.7,200.5,308925
2025-05-23 09:04:00,200.85,203.35,197.65,200.35,173475
2025-05-23 09:05:00,200.7,203.55,199.65,200.0,228000
2025-05-23 09:06:00,200.4,200.5,195.0,197.25,243300
2025-05-23 09:07:00,197.3,202.05,197.3,198.0,186750
2025-05-23 09:08:00,198.35,208.95,198.0,207.55,456675
2025-05-23 09:09:00,207.35,212.25,204.3,204.9,610575
2025-05-23 09:10:00,205.1,208.2,204.2,205.8,248175
2025-05-23 09:11:00,207.0,208.5,200.45,200.5,296700
2025-05-23 09:12:00,200.75,208.2,200.75,207.75,242025
2025-05-23 09:13:00,207.4,214.2,206.0,211.35,557775
2025-05-23 09:14:00,211.2,221.6,210.7,217.8,629475
2025-05-23 09:15:00,218.65,222.0,213.85,214.2,563775
2025-05-23 09:16:00,214.4,219.15,212.2,216.1,333375
2025-05-23 09:17:00,216.4,216.75,211.0,211.1,221850
2025-05-23 09:18:00,211.5,212.55,208.05,208.6,315150
2025-05-23 09:19:00,209.35,213.9,209.2,212.5,216750
2025-05-23 09:20:00,212.4,216.0,210.25,214.55,215625
2025-05-23 09:21:00,216.05,221.95,214.15,221.4,427500
2025-05-23 09:22:00,220.4,221.8,215.95,218.4,304050
2025-05-23 09:23:00,218.4,227.4,216.0,223.35,524400
2025-05-23 09:24:00,223.4,227.75,221.6,225.55,421275
2025-05-23 09:25:00,225.25,226.75,218.2,218.2,401175
2025-05-23 09:26:00,219.8,223.25,218.45,223.25,250425
2025-05-23 09:27:00,223.0,227.85,220.0,225.2,356025
2025-05-23 09:28:00,223.7,225.15,215.4,217.7,332850
2025-05-23 09:29:00,218.75,223.5,214.55,217.45,269850
2025-05-23 09:30:00,217.6,222.0,212.5,217.6,391875
2025-05-23 09:31:00,217.5,219.5,213.2,216.5,214875
2025-05-23 09:32:00,215.1,216.05,203.7,210.9,512550
2025-05-23 09:33:00,211.0,213.7,209.15,212.2,213600
2025-05-23 09:34:00,213.0,213.0,207.35,207.35,204900
2025-05-23 09:35:00,207.65,209.45,202.15,205.0,328800
2025-05-23 09:36:00,204.1,209.8,203.55,207.15,207975
2025-05-23 09:37:00,206.4,212.2,206.4,208.9,339000
2025-05-23 09:38:00,209.2,213.7,207.35,211.3,257700
2025-05-23 09:39:00,212.3,214.8,209.1,214.8,201225
2025-05-23 09:40:00,214.95,215.85,211.15,211.15,339375
2025-05-23 09:41:00,211.85,217.65,211.85,214.45,350700
2025-05-23 09:42:00,214.8,217.6,212.7,214.5,192975
2025-05-23 09:43:00,214.5,217.65,212.85,213.05,204750
2025-05-23 09:44:00,213.05,217.0,212.0,216.55,157950
2025-05-23 09:45:00,216.65,217.15,210.5,210.85,280425
2025-05-23 09:46:00,211.05,215.7,211.05,213.0,241875
2025-05-23 09:47:00,212.8,218.0,212.8,215.15,263250
2025-05-23 09:48:00,214.7,217.65,214.25,214.4,191550
2025-05-23 09:49:00,214.35,215.75,212.35,212.35,140100
2025-05-23 09:50:00,212.4,213.1,207.7,210.45,289950
2025-05-23 09:51:00,210.2,215.75,210.2,215.45,248100
2025-05-23 09:52:00,214.85,215.9,213.5,215.0,254925
2025-05-23 09:53:00,214.9,216.3,212.85,212.85,178350
2025-05-23 09:54:00,214.05,217.8,214.05,217.75,225825
2025-05-23 09:55:00,218.0,219.4,211.0,213.9,308100
2025-05-23 09:56:00,213.85,214.9,212.1,214.0,172725
2025-05-23 09:57:00,214.25,216.0,211.75,212.0,178050
2025-05-23 09:58:00,212.65,214.6,212.1,213.4,206850
2025-05-23 09:59:00,213.1,213.7,206.0,207.65,318375
